,G104-116475K-11644K,G104-1245498K-1245148K,G104-12797K-,G15-1193K-,G15-762K-,G15-835857K-762K,G2-972K-1037K,G2-9804K-973313K,G2-9998K-9994K,G204-597K-5955K,G204-6628K-6605K,G204-750K-744868K,G205-12996K-12855K,G205-96615K-9597K,G228-2507K-2491K,G25-1644K-,G25-1688K-1644K,G25-1918K-1917K,G2501-159K-110K,G2501-92K-90K,G2501-G25,G2501-G25,G2513-19456K-19426K,G2513-222K-204K,G3-735K-660K,G30-126K-,G30-179K-,G30-179K-,G30-179K-,G30-88K-0K,G30-89K-235K,G310-1713K-17023K,G310-25197K-25195K,G312-14622K-1385K,G312-19557K-1946K,G328-207K-206K,G328-220K-214K,G328-2297K-2277K,G328-2406K-2373K,G328-2607K-2595K,G328-2619K-2613K,G328-2736K-2729K,G328-2736K-2729K,G328-328213K-327K,G328-547K-54293K,G328-579K-546K,G328-5975K-589K,G40-155433K-,G42-178K-,G42-302K-,G50-61K-110949K,G50-61K-110949K,K032-K000-G4011,K1055-K10448-K10445-K1038-G2,K1095-K1080-K1077-K1061-G2,K1120-K1095-G42-G2,K1190-K1120-G42-G2,K1218-K1183-G15,K1218-K1203700-K1203250-K1183-G15,K1218-K1205500-K1203300-K1183-G15,K1218-K1206500-K1204000-K1183-G15,K159-K110-G2501,K1826-K1694-G25,K1932-K1839-G25,K203-K110-G2513,K203-K110-G2513,K25-K0-G2501,K258-K212-G40,K258-K212-G40,K258-K212-G40,K258-K212-G40,K330-K325-G40,K39820-K39780-K088-K000-G30,K399-K323-G40,K399-K323-G40,K61-K110-G50,K843-K760-G15,K843-K760-G15,K843-K760-G15,K844-K1165-G15,K844-K1165-G15,K971-K860-G2,K971-K860-G2,K971-K860-G2,K971-K860-G2,K972-K1037-G40-G2,K972-K1037-G40-G2,K972-K1037-G40-G2,K972-K1037-G40-G2,K972-K1037-G40-G2,K972-K1037-G40-G2,K972-K1037-G40-G2,S121-152K-143K,S121-152K-143K,S122-65668K-60K,S124-277K-14K,S223-128K-112K,S223-27061K-26555K,S223-32138K-28K,S223-5992K-,S223-60K-5992K,S226-167K-1648K,S226-213478K-213258K,S226-213478K-213358K,S226-253K-249K,S228-S22-176K-172K,S229-103244K-102568K,S229-103244K-102568K,S229-103244K-102568K,S229-1239K-1155K,S229-158K-1588K,S229-1594K-1591K,S230-8818K-,S231-104601K-1036K,S231-118411K-1183K,S231-119K-116K,S231-121255K-12118K,S231-122601K-1205K,S231-98405K-,S232-01K-,S232-16K-12K,S232-9015K-8985K,S232-9015K-8985K,S235-7187K-6705K,S235-7187K-6705K,S235-80563K-7567K,S235-80563K-7567K,S237-1015K-10145K,S237-1463K-1407K,S237-28K-,S237-3122K-2498K,S237-8256K-8196K,S238-326K-297K,S238-78K-18K,S239-5595K-5575K,S239-5595K-5575K,S240-3923K-2468K,S240-945K-84K,S241-68K-,S241-82361K-68K,S242-29K-18K,S243-365K-363K,S244-31K-13K,S245-37K-,S247-28K-282K,S247-28K-282K,S247-61K-36K,S250-623K-2095K,S250-674K-541K,S251-14616K-1441K,S252-43K-42K,S252-50277K-44484K,S254-65K-24185K,S264-114K-1052K,S264-13369K-114K,S264-13369K-114K,S264-13369K-114K,S264-161586K-144754K,S264-196K-186K,S28-2529K-2506K,S28-K261-K226,S28-K261-K241400-K239800-K226,S308-1442K-1426K,S308-14815K-146K,S308-21995K-2196K,S308-35345K-003K,S308-35345K-003K,S308-35345K-003K,S323-567K-565K,S323-94K-105K,S323-94K-105K,S326-S236-S235-G25-G228-G204-G15-546K-491K,S328-108K-104K,S328-108K-104K,S328-1803K-1801K,S328-1803K-1801K,S328-1803K-1801K,S328-77K-76K,S328-77K-76K,S328-84K-842K,S328-99K-97329K,S328-99K-97329K,S332-70K-62K,S333-3102K-251K,S334-13595K-,S334-753K-751K,S335-8755K-763K,S335-8755K-763K,S336-1392K-,S336-140656K-,S336-1407K-140656K,S337-71K-61K,S338-96K-91K,S340-1336K-1326K,S342-606K-593K,S35-K56-K28,S357-765K-2708K,S38-K101-K000,S38-K101-K000,S38-K190-K102,S38-K190-K102,S414-8K-178K,S414-8K-178K,S414-8K-178K,S414-8K-178K,S48-127462K-,S48-K171-K106,S49-1597K-1568K,S49-1641K-1635K,S49-K203-K0,S49-K203-K0,S5-212K-18769K,S506-2615K-2595K,S506-262K-259K,S506-273K-267K,S506-36K-335K,S55-1619K-15K,S58-383K-362K,S58-45K-451K,S69-27264K-,S69-79K-18K,S69-K79-K0,S87-0K-,S88-S55-K028-K000,S96-73K-56K,X208320923-1285K-0K,X302320281-349K-333K,X304320923-412K-3652K
spider_fststake,1164.4K,1245.148K,1279.7K,1193K,762K,762K,972K,973.313K,999.4K,595.5K,660.5K,744.868K,1285.5K,959.7K,2491K,1644K,1644K,1917K,110K,90K,,,194.26K,204K,660K,126K,179K,179K,179K,0K,89K,170.23K,251.95K,138.5K,194.6K,206K,214K,227.7K,237.3K,259.5K,261.3K,272.9K,272.9K,327K,54.293K,54.6K,58.9K,155.433K,178K,302K,61K,61K,K23,K1044,K1077,K1114+700,K1121,K1183,K1203+700,K1205+500,K1206+500,K134,K1788,K1839,K110,K194+260,K0,K233+400,K233+394,K212+415,K212+415,K957,K39+780,K323,K392+763,K61,K760,K760,K760,K1134,K1095+800,K860,K935,K860,K860,K1008+750,K972,K972,K972,K972,K1008+750,K970,143K,143K,60K,14K,11.2K,26.555K,28K,59.92K,59.92K,164.8K,213.258K,213.358K,249K,17.2K,102.568K,102.568K,102.568K,115.5K,158K,159.1K,88.18K,103.6K,118.3K,116K,121.18K,120.5K,98.405K,0.1K,12K,89.85K,89.85K,67.05K,67.05K,75.67K,75.67K,101.45K,140.7K,28K,24.98K,81.96K,29.7K,1.8K,55.75K,55.75K,24.68K,8.4K,68K,68K,18K,36.3K,13K,37K,28K,28K,36K,2.095K,54.1K,14.41K,42K,44.484K,6.5K,105.2K,114K,114K,114K,144.754K,186K,252.9K,K256+700,K241+400,142.6K,146K,219.6K,0.03K,0.03K,0.03K,56.5K,94K,94K,491K,104K,104K,180.1K,180.1K,180.1K,76K,76K,84K,97.329K,97.329K,62K,25.1K,135.95K,75.1K,7.63K,7.63K,139.2K,140.656K,140.656K,61K,9.1K,132.6K,59.3K,K28,7.65K,K000,K000,K102,K166,8K,8K,8K,8K,127.462K,K5+500,159.7K,164.1K,K159+700,K164+100,18.769K,25.95K,25.9K,26.7K,33.5K,15K,36.2K,45K,27.264K,18K,K0,0K,K15+000,5.6K,0K,33.3K,36.52K
spider_lststake,1164.75K,1245.498K,,,,835.857K,1037K,980.4K,999.8K,597K,662.8K,750K,1299.6K,966.15K,2507K,,1688K,1918K,159K,92K,,,194.56K,222K,735K,,,,,88K,235K,171.3K,251.97K,146.22K,195.57K,207K,220K,229.7K,240.6K,260.7K,261.9K,273.6K,273.6K,328.213K,54.7K,57.9K,59.75K,,,,110.949K,110.949K,K23,K1044,K1080,K1114+700,K1121,K1218,K1203+250,K1203+300,K1204+000,K137,K1788,K1932,K203,K194+560,K25,K236+320,K235+459,K212+415,K212+415,K957,K39+820,K399,K392+763,K110,K843,K843,K843,K1134,K1095+915,K971,K935,K971,K971,K1008+750,K1037,K1037,K1037,K1037,K1008+750,K1040,152K,152K,65.668K,277K,12.8K,27.061K,32.138K,,60K,167K,213.478K,213.478K,253K,17.6K,103.244K,103.244K,103.244K,123.9K,158.8K,159.4K,,104.601K,118.411K,119K,121.255K,122.601K,,,16K,90.15K,90.15K,71.87K,71.87K,80.563K,80.563K,101.5K,146.3K,,31.22K,82.56K,32.6K,7.8K,55.95K,55.95K,39.23K,9.45K,,82.361K,29K,36.5K,31K,,28.2K,28.2K,61K,6.23K,67.4K,14.616K,43K,50.277K,24.185K,114K,133.69K,133.69K,133.69K,161.586K,196K,250.6K,K256+700,K239+800,144.2K,148.15K,219.95K,35.345K,35.345K,35.345K,56.7K,105K,105K,546K,108K,108K,180.3K,180.3K,180.3K,77K,77K,84.2K,99K,99K,70K,31.02K,,75.3K,8.755K,8.755K,,,140.7K,71K,9.6K,133.6K,60.6K,K56,27.08K,K101,K101,K190,K166,17.8K,17.8K,17.8K,17.8K,,K6+800,156.8K,163.5K,K156+800,K164+100,21.2K,26.15K,26.2K,27.3K,36K,16.19K,38.3K,45.1K,,79K,K79,,K16+190,7.3K,1.285K,34.9K,41.2K
spider_direction,上行,上行,下行,双向,上行,双向,双向,双向,双向,上行,双向,双向,上行,下行,上行,上行,双向,下行,上行,上行,上行,下行,下行,双向,双向,双向,双向,双向,双向,双向,双向,双向,下行,下行,下行,双向,双向,双向,双向,双向,下行,上行,上行,双向,下行,上行,下行,双向,双向,双向,双向,双向,下行,上行,下行,下行,下行,双向,上行,上行,上行,上行,上行,下行,上行,下行,下行,下行,下行,双向,双向,上行,双向,双向,下行,双向,上行,上行,双向,下行,双向,双向,上行,双向,双向,双向,双向,双向,下行,上行,双向,双向,下行,下行,双向,双向,双向,双向,双向,双向,双向,下行,双向,双向,双向,双向,双向,双向,双向,上行,上行,下行,双向,下行,上行,上行,双向,上行,上行,下行,下行,上行,上行,上行,上行,上行,上行,双向,双向,上行,双向,双向,上行,双向,下行,下行,双向,双向,双向,双向,上行,上行,双向,双向,上行,上行,上行,双向,双向,双向,上行,双向,双向,双向,双向,双向,双向,双向,双向,上行,下行,下行,双向,双向,双向,上行,上行,下行,上行,下行,下行,双向,上行,上行,下行,下行,下行,双向,双向,下行,上行,上行,上行,双向,双向,下行,双向,双向,下行,双向,双向,上行,上行,下行,下行,双向,双向,上行,上行,双向,上行,双向,双向,双向,双向,双向,双向,上行,上行,上行,上行,上行,双向,上行,上行,双向,下行,下行,双向,双向,双向,双向,双向,下行,下行,双向,双向,双向
spider_dist,0.34999999999990905,0.3500000000001364,-1.0,-1.0,-1.0,73.85699999999997,65.0,7.086999999999988,0.3999999999999773,1.5,2.2999999999999545,5.131999999999948,14.099999999999907,6.449999999999932,16.0,-1.0,44.0,1.0,49.0,2.0,-1.0,-1.0,0.30000000000001137,18.0,75.0,-1.0,-1.0,-1.0,-1.0,88.0,146.0,1.0700000000000216,0.020000000000010232,7.719999999999999,0.9699999999999988,1.0,6.0,2.0,3.2999999999999825,1.1999999999999886,0.5999999999999659,0.7000000000000455,0.7000000000000455,1.2130000000000225,0.4070000000000036,3.299999999999997,0.8500000000000014,-1.0,-1.0,-1.0,49.949,49.949,0.0,0.0,3.0,0.0,0.0,,0.4500000000000455,2.200000000000045,2.5,3.0,0.0,,,0.30000000000001137,,2.9199999999999875,2.0649999999999977,0.0,0.0,0.0,0.03999999999999915,,0.0,,,,,0.0,0.1150000000000091,,0.0,,,0.0,,,,,0.0,70.0,9.0,9.0,5.668000000000006,263.0,1.6000000000000014,0.5060000000000002,4.137999999999998,-1.0,0.0799999999999983,2.1999999999999886,0.21999999999999886,0.12000000000000455,4.0,0.4000000000000021,0.6760000000000019,0.6760000000000019,0.6760000000000019,8.400000000000006,0.8000000000000114,0.30000000000001137,-1.0,1.0010000000000048,0.1110000000000042,3.0,0.07499999999998863,2.100999999999999,-1.0,-1.0,4.0,0.30000000000001137,0.30000000000001137,4.8200000000000065,4.8200000000000065,4.893000000000002,4.893000000000002,0.049999999999997165,5.600000000000024,-1.0,6.2399999999999975,0.6000000000000085,2.9000000000000017,6.0,0.20000000000000284,0.20000000000000284,14.549999999999995,1.049999999999999,-1.0,14.361000000000004,11.0,0.20000000000000284,18.0,-1.0,0.1999999999999993,0.1999999999999993,25.0,4.135,13.300000000000004,0.20599999999999952,1.0,5.792999999999998,17.685,8.799999999999997,19.69,19.69,19.69,16.832000000000026,10.0,2.300000000000012,0.0,1.5999999999999943,1.5999999999999943,2.1500000000000057,0.3499999999999943,35.315,35.315,35.315,0.20000000000000284,11.0,11.0,55.0,4.0,4.0,0.20000000000001705,0.20000000000001705,0.20000000000001705,1.0,1.0,0.20000000000000284,1.6710000000000065,1.6710000000000065,8.0,5.919999999999997,-1.0,0.20000000000000284,1.1250000000000009,1.1250000000000009,-1.0,-1.0,0.04399999999998272,10.0,0.5,1.0,1.3000000000000045,,19.43,,,,0.0,9.8,9.8,9.8,9.8,-1.0,1.2999999999999998,2.8999999999999773,0.5999999999999943,2.8999999999999773,0.0,2.431000000000001,0.1999999999999993,0.3000000000000007,0.6000000000000014,2.5,1.1900000000000013,2.0999999999999943,0.10000000000000142,-1.0,61.0,,-1.0,1.1900000000000013,1.7000000000000002,1.285,1.6000000000000014,4.68
spider_postdate,null,null,null,null,null,null,null,null,null,null,null,null,null,null,null,null,null,null,null,null,2016-08-18 10:54:38,2016-08-18 08:24:35,null,null,null,null,null,null,null,null,null,null,null,null,null,null,null,null,null,null,null,null,null,null,null,null,null,null,null,null,null,null,2016-08-18 08:38:54,2016-08-18 06:07:49,2016-08-18 05:50:28,2016-08-18 16:34:47,2016-08-18 14:08:40,2016-03-23 15:17:34,2016-08-09 18:33:28,2016-08-18 10:05:39,2016-08-18 13:29:51,2016-06-28 16:04:13,2016-08-18 12:04:05,2015-07-15 17:42:41,2016-08-17 22:46:43,2016-08-02 09:48:24,2016-08-18 06:09:51,2016-08-18 12:42:53,2016-08-17 13:45:42,2016-08-04 16:43:07,2016-08-03 11:05:36,2016-08-18 07:13:10,2016-03-02 11:32:03,2016-08-18 03:31:36,2016-08-17 08:43:36,2015-11-26 16:32:50,2016-07-29 17:05:02,2015-10-31 08:58:27,2015-08-25 17:23:49,2016-08-18 00:16:33,2015-08-21 11:24:23,2016-08-18 13:08:25,2016-08-18 01:52:33,2016-08-17 08:03:46,2016-08-16 05:56:37,2016-08-10 12:08:07,2016-08-10 12:09:09,2016-08-16 11:09:03,2016-08-18 11:35:33,2016-08-18 09:34:27,2016-08-10 12:09:09,2016-01-21 17:09:34,null,null,null,null,null,null,null,null,null,null,null,null,null,null,null,null,null,null,null,null,null,null,null,null,null,null,null,null,null,null,null,null,null,null,null,null,null,null,null,null,null,null,null,null,null,null,null,null,null,null,null,null,null,null,null,null,null,null,null,null,null,null,null,null,null,null,null,null,2016-08-18 15:24:13,2016-08-17 06:19:37,null,null,null,null,null,null,null,null,null,null,null,null,null,null,null,null,null,null,null,null,null,null,null,null,null,null,null,null,null,null,null,null,null,2016-08-16 21:34:18,null,2016-08-15 09:57:11,2016-08-17 20:59:29,2016-08-18 14:49:30,2016-08-18 06:44:34,null,null,null,null,null,2016-06-30 09:29:28,null,null,2016-07-21 11:28:17,2016-07-21 11:18:05,null,null,null,null,null,null,null,null,null,null,2016-07-16 09:11:33,null,2016-07-13 19:09:56,null,null,null,null
spider_ref,http://218.2.208.140:8091/JSWeb/servlet/custService?key=getLUWSJSSB&traffictype=,http://218.2.208.140:8091/JSWeb/servlet/custService?key=getLUWSJSSB&traffictype=,http://218.2.208.140:8091/JSWeb/servlet/custService?key=getLUWSJSSB&traffictype=,http://218.2.208.140:8091/JSWeb/servlet/custService?key=getLUWSJSSB&traffictype=,http://218.2.208.140:8091/JSWeb/servlet/custService?key=getLUWSJSSB&traffictype=,http://218.2.208.140:8091/JSWeb/servlet/custService?key=getLUWSJSSB&traffictype=,http://218.2.208.140:8091/JSWeb/servlet/custService?key=getLUWSJSSB&traffictype=,http://218.2.208.140:8091/JSWeb/servlet/custService?key=getLUWSJSSB&traffictype=,http://218.2.208.140:8091/JSWeb/servlet/custService?key=getLUWSJSSB&traffictype=,http://218.2.208.140:8091/JSWeb/servlet/custService?key=getLUWSJSSB&traffictype=,http://218.2.208.140:8091/JSWeb/servlet/custService?key=getLUWSJSSB&traffictype=,http://218.2.208.140:8091/JSWeb/servlet/custService?key=getLUWSJSSB&traffictype=,http://218.2.208.140:8091/JSWeb/servlet/custService?key=getLUWSJSSB&traffictype=,http://218.2.208.140:8091/JSWeb/servlet/custService?key=getLUWSJSSB&traffictype=,http://218.2.208.140:8091/JSWeb/servlet/custService?key=getLUWSJSSB&traffictype=,http://218.2.208.140:8091/JSWeb/servlet/custService?key=getLUWSJSSB&traffictype=,http://218.2.208.140:8091/JSWeb/servlet/custService?key=getLUWSJSSB&traffictype=,http://218.2.208.140:8091/JSWeb/servlet/custService?key=getLUWSJSSB&traffictype=,http://218.2.208.140:8091/JSWeb/servlet/custService?key=getLUWSJSSB&traffictype=,http://218.2.208.140:8091/JSWeb/servlet/custService?key=getLUWSJSSB&traffictype=,http://218.2.208.140:8091/JSWeb/servlet/custService?key=getLUWSJSSB&traffictype=,http://218.2.208.140:8091/JSWeb/servlet/custService?key=getLUWSJSSB&traffictype=,http://218.2.208.140:8091/JSWeb/servlet/custService?key=getLUWSJSSB&traffictype=,http://218.2.208.140:8091/JSWeb/servlet/custService?key=getLUWSJSSB&traffictype=,http://218.2.208.140:8091/JSWeb/servlet/custService?key=getLUWSJSSB&traffictype=,http://218.2.208.140:8091/JSWeb/servlet/custService?key=getLUWSJSSB&traffictype=,http://218.2.208.140:8091/JSWeb/servlet/custService?key=getLUWSJSSB&traffictype=,http://218.2.208.140:8091/JSWeb/servlet/custService?key=getLUWSJSSB&traffictype=,http://218.2.208.140:8091/JSWeb/servlet/custService?key=getLUWSJSSB&traffictype=,http://218.2.208.140:8091/JSWeb/servlet/custService?key=getLUWSJSSB&traffictype=,http://218.2.208.140:8091/JSWeb/servlet/custService?key=getLUWSJSSB&traffictype=,http://218.2.208.140:8091/JSWeb/servlet/custService?key=getLUWSJSSB&traffictype=,http://218.2.208.140:8091/JSWeb/servlet/custService?key=getLUWSJSSB&traffictype=,http://218.2.208.140:8091/JSWeb/servlet/custService?key=getLUWSJSSB&traffictype=,http://218.2.208.140:8091/JSWeb/servlet/custService?key=getLUWSJSSB&traffictype=,http://218.2.208.140:8091/JSWeb/servlet/custService?key=getLUWSJSSB&traffictype=,http://218.2.208.140:8091/JSWeb/servlet/custService?key=getLUWSJSSB&traffictype=,http://218.2.208.140:8091/JSWeb/servlet/custService?key=getLUWSJSSB&traffictype=,http://218.2.208.140:8091/JSWeb/servlet/custService?key=getLUWSJSSB&traffictype=,http://218.2.208.140:8091/JSWeb/servlet/custService?key=getLUWSJSSB&traffictype=,http://218.2.208.140:8091/JSWeb/servlet/custService?key=getLUWSJSSB&traffictype=,http://218.2.208.140:8091/JSWeb/servlet/custService?key=getLUWSJSSB&traffictype=,http://218.2.208.140:8091/JSWeb/servlet/custService?key=getLUWSJSSB&traffictype=,http://218.2.208.140:8091/JSWeb/servlet/custService?key=getLUWSJSSB&traffictype=,http://218.2.208.140:8091/JSWeb/servlet/custService?key=getLUWSJSSB&traffictype=,http://218.2.208.140:8091/JSWeb/servlet/custService?key=getLUWSJSSB&traffictype=,http://218.2.208.140:8091/JSWeb/servlet/custService?key=getLUWSJSSB&traffictype=,http://218.2.208.140:8091/JSWeb/servlet/custService?key=getLUWSJSSB&traffictype=,http://218.2.208.140:8091/JSWeb/servlet/custService?key=getLUWSJSSB&traffictype=,http://218.2.208.140:8091/JSWeb/servlet/custService?key=getLUWSJSSB&traffictype=,http://218.2.208.140:8091/JSWeb/servlet/custService?key=getLUWSJSSB&traffictype=,http://218.2.208.140:8091/JSWeb/servlet/custService?key=getLUWSJSSB&traffictype=,http://218.2.208.140:8091/JSWeb/servlet/custService?key=getLUWSJSSB&traffictype=,http://218.2.208.140:8091/JSWeb/servlet/custService?key=getLUWSJSSB&traffictype=,http://218.2.208.140:8091/JSWeb/servlet/custService?key=getLUWSJSSB&traffictype=,http://218.2.208.140:8091/JSWeb/servlet/custService?key=getLUWSJSSB&traffictype=,http://218.2.208.140:8091/JSWeb/servlet/custService?key=getLUWSJSSB&traffictype=,http://218.2.208.140:8091/JSWeb/servlet/custService?key=getLUWSJSSB&traffictype=,http://218.2.208.140:8091/JSWeb/servlet/custService?key=getLUWSJSSB&traffictype=,http://218.2.208.140:8091/JSWeb/servlet/custService?key=getLUWSJSSB&traffictype=,http://218.2.208.140:8091/JSWeb/servlet/custService?key=getLUWSJSSB&traffictype=,http://218.2.208.140:8091/JSWeb/servlet/custService?key=getLUWSJSSB&traffictype=,http://218.2.208.140:8091/JSWeb/servlet/custService?key=getLUWSJSSB&traffictype=,http://218.2.208.140:8091/JSWeb/servlet/custService?key=getLUWSJSSB&traffictype=,http://218.2.208.140:8091/JSWeb/servlet/custService?key=getLUWSJSSB&traffictype=,http://218.2.208.140:8091/JSWeb/servlet/custService?key=getLUWSJSSB&traffictype=,http://218.2.208.140:8091/JSWeb/servlet/custService?key=getLUWSJSSB&traffictype=,http://218.2.208.140:8091/JSWeb/servlet/custService?key=getLUWSJSSB&traffictype=,http://218.2.208.140:8091/JSWeb/servlet/custService?key=getLUWSJSSB&traffictype=,http://218.2.208.140:8091/JSWeb/servlet/custService?key=getLUWSJSSB&traffictype=,http://218.2.208.140:8091/JSWeb/servlet/custService?key=getLUWSJSSB&traffictype=,http://218.2.208.140:8091/JSWeb/servlet/custService?key=getLUWSJSSB&traffictype=,http://218.2.208.140:8091/JSWeb/servlet/custService?key=getLUWSJSSB&traffictype=,http://218.2.208.140:8091/JSWeb/servlet/custService?key=getLUWSJSSB&traffictype=,http://218.2.208.140:8091/JSWeb/servlet/custService?key=getLUWSJSSB&traffictype=,http://218.2.208.140:8091/JSWeb/servlet/custService?key=getLUWSJSSB&traffictype=,http://218.2.208.140:8091/JSWeb/servlet/custService?key=getLUWSJSSB&traffictype=,http://218.2.208.140:8091/JSWeb/servlet/custService?key=getLUWSJSSB&traffictype=,http://218.2.208.140:8091/JSWeb/servlet/custService?key=getLUWSJSSB&traffictype=,http://218.2.208.140:8091/JSWeb/servlet/custService?key=getLUWSJSSB&traffictype=,http://218.2.208.140:8091/JSWeb/servlet/custService?key=getLUWSJSSB&traffictype=,http://218.2.208.140:8091/JSWeb/servlet/custService?key=getLUWSJSSB&traffictype=,http://218.2.208.140:8091/JSWeb/servlet/custService?key=getLUWSJSSB&traffictype=,http://218.2.208.140:8091/JSWeb/servlet/custService?key=getLUWSJSSB&traffictype=,http://218.2.208.140:8091/JSWeb/servlet/custService?key=getLUWSJSSB&traffictype=,http://218.2.208.140:8091/JSWeb/servlet/custService?key=getLUWSJSSB&traffictype=,http://218.2.208.140:8091/JSWeb/servlet/custService?key=getLUWSJSSB&traffictype=,http://218.2.208.140:8091/JSWeb/servlet/custService?key=getLUWSJSSB&traffictype=,http://218.2.208.140:8091/JSWeb/servlet/custService?key=getLUWSJSSB&traffictype=,http://218.2.208.140:8091/JSWeb/servlet/custService?key=getLUWSJSSB&traffictype=,http://218.2.208.140:8091/JSWeb/servlet/custService?key=getLUWSJSSB&traffictype=,http://218.2.208.140:8091/JSWeb/servlet/custService?key=getLUWSJSSB&traffictype=,http://218.2.208.140:8091/JSWeb/servlet/custService?key=getLUWSJSSB&traffictype=,http://218.2.208.140:8091/JSWeb/servlet/custService?key=getLUWSJSSB&traffictype=,http://218.2.208.140:8091/JSWeb/servlet/custService?key=getLUWSJSSB&traffictype=,http://218.2.208.140:8091/JSWeb/servlet/custService?key=getLUWSJSSB&traffictype=,http://218.2.208.140:8091/JSWeb/servlet/custService?key=getLUWSJSSB&traffictype=,http://218.2.208.140:8091/JSWeb/servlet/custService?key=getLUWSJSSB&traffictype=,http://218.2.208.140:8091/JSWeb/servlet/custService?key=getLUWSJSSB&traffictype=,http://218.2.208.140:8091/JSWeb/servlet/custService?key=getLUWSJSSB&traffictype=,http://218.2.208.140:8091/JSWeb/servlet/custService?key=getLUWSJSSB&traffictype=,http://218.2.208.140:8091/JSWeb/servlet/custService?key=getLUWSJSSB&traffictype=,http://218.2.208.140:8091/JSWeb/servlet/custService?key=getLUWSJSSB&traffictype=,http://218.2.208.140:8091/JSWeb/servlet/custService?key=getLUWSJSSB&traffictype=,http://218.2.208.140:8091/JSWeb/servlet/custService?key=getLUWSJSSB&traffictype=,http://218.2.208.140:8091/JSWeb/servlet/custService?key=getLUWSJSSB&traffictype=,http://218.2.208.140:8091/JSWeb/servlet/custService?key=getLUWSJSSB&traffictype=,http://218.2.208.140:8091/JSWeb/servlet/custService?key=getLUWSJSSB&traffictype=,http://218.2.208.140:8091/JSWeb/servlet/custService?key=getLUWSJSSB&traffictype=,http://218.2.208.140:8091/JSWeb/servlet/custService?key=getLUWSJSSB&traffictype=,http://218.2.208.140:8091/JSWeb/servlet/custService?key=getLUWSJSSB&traffictype=,http://218.2.208.140:8091/JSWeb/servlet/custService?key=getLUWSJSSB&traffictype=,http://218.2.208.140:8091/JSWeb/servlet/custService?key=getLUWSJSSB&traffictype=,http://218.2.208.140:8091/JSWeb/servlet/custService?key=getLUWSJSSB&traffictype=,http://218.2.208.140:8091/JSWeb/servlet/custService?key=getLUWSJSSB&traffictype=,http://218.2.208.140:8091/JSWeb/servlet/custService?key=getLUWSJSSB&traffictype=,http://218.2.208.140:8091/JSWeb/servlet/custService?key=getLUWSJSSB&traffictype=,http://218.2.208.140:8091/JSWeb/servlet/custService?key=getLUWSJSSB&traffictype=,http://218.2.208.140:8091/JSWeb/servlet/custService?key=getLUWSJSSB&traffictype=,http://218.2.208.140:8091/JSWeb/servlet/custService?key=getLUWSJSSB&traffictype=,http://218.2.208.140:8091/JSWeb/servlet/custService?key=getLUWSJSSB&traffictype=,http://218.2.208.140:8091/JSWeb/servlet/custService?key=getLUWSJSSB&traffictype=,http://218.2.208.140:8091/JSWeb/servlet/custService?key=getLUWSJSSB&traffictype=,http://218.2.208.140:8091/JSWeb/servlet/custService?key=getLUWSJSSB&traffictype=,http://218.2.208.140:8091/JSWeb/servlet/custService?key=getLUWSJSSB&traffictype=,http://218.2.208.140:8091/JSWeb/servlet/custService?key=getLUWSJSSB&traffictype=,http://218.2.208.140:8091/JSWeb/servlet/custService?key=getLUWSJSSB&traffictype=,http://218.2.208.140:8091/JSWeb/servlet/custService?key=getLUWSJSSB&traffictype=,http://218.2.208.140:8091/JSWeb/servlet/custService?key=getLUWSJSSB&traffictype=,http://218.2.208.140:8091/JSWeb/servlet/custService?key=getLUWSJSSB&traffictype=,http://218.2.208.140:8091/JSWeb/servlet/custService?key=getLUWSJSSB&traffictype=,http://218.2.208.140:8091/JSWeb/servlet/custService?key=getLUWSJSSB&traffictype=,http://218.2.208.140:8091/JSWeb/servlet/custService?key=getLUWSJSSB&traffictype=,http://218.2.208.140:8091/JSWeb/servlet/custService?key=getLUWSJSSB&traffictype=,http://218.2.208.140:8091/JSWeb/servlet/custService?key=getLUWSJSSB&traffictype=,http://218.2.208.140:8091/JSWeb/servlet/custService?key=getLUWSJSSB&traffictype=,http://218.2.208.140:8091/JSWeb/servlet/custService?key=getLUWSJSSB&traffictype=,http://218.2.208.140:8091/JSWeb/servlet/custService?key=getLUWSJSSB&traffictype=,http://218.2.208.140:8091/JSWeb/servlet/custService?key=getLUWSJSSB&traffictype=,http://218.2.208.140:8091/JSWeb/servlet/custService?key=getLUWSJSSB&traffictype=,http://218.2.208.140:8091/JSWeb/servlet/custService?key=getLUWSJSSB&traffictype=,http://218.2.208.140:8091/JSWeb/servlet/custService?key=getLUWSJSSB&traffictype=,http://218.2.208.140:8091/JSWeb/servlet/custService?key=getLUWSJSSB&traffictype=,http://218.2.208.140:8091/JSWeb/servlet/custService?key=getLUWSJSSB&traffictype=,http://218.2.208.140:8091/JSWeb/servlet/custService?key=getLUWSJSSB&traffictype=,http://218.2.208.140:8091/JSWeb/servlet/custService?key=getLUWSJSSB&traffictype=,http://218.2.208.140:8091/JSWeb/servlet/custService?key=getLUWSJSSB&traffictype=,http://218.2.208.140:8091/JSWeb/servlet/custService?key=getLUWSJSSB&traffictype=,http://218.2.208.140:8091/JSWeb/servlet/custService?key=getLUWSJSSB&traffictype=,http://218.2.208.140:8091/JSWeb/servlet/custService?key=getLUWSJSSB&traffictype=,http://218.2.208.140:8091/JSWeb/servlet/custService?key=getLUWSJSSB&traffictype=,http://218.2.208.140:8091/JSWeb/servlet/custService?key=getLUWSJSSB&traffictype=,http://218.2.208.140:8091/JSWeb/servlet/custService?key=getLUWSJSSB&traffictype=,http://218.2.208.140:8091/JSWeb/servlet/custService?key=getLUWSJSSB&traffictype=,http://218.2.208.140:8091/JSWeb/servlet/custService?key=getLUWSJSSB&traffictype=,http://218.2.208.140:8091/JSWeb/servlet/custService?key=getLUWSJSSB&traffictype=,http://218.2.208.140:8091/JSWeb/servlet/custService?key=getLUWSJSSB&traffictype=,http://218.2.208.140:8091/JSWeb/servlet/custService?key=getLUWSJSSB&traffictype=,http://218.2.208.140:8091/JSWeb/servlet/custService?key=getLUWSJSSB&traffictype=,http://218.2.208.140:8091/JSWeb/servlet/custService?key=getLUWSJSSB&traffictype=,http://218.2.208.140:8091/JSWeb/servlet/custService?key=getLUWSJSSB&traffictype=,http://218.2.208.140:8091/JSWeb/servlet/custService?key=getLUWSJSSB&traffictype=,http://218.2.208.140:8091/JSWeb/servlet/custService?key=getLUWSJSSB&traffictype=,http://218.2.208.140:8091/JSWeb/servlet/custService?key=getLUWSJSSB&traffictype=,http://218.2.208.140:8091/JSWeb/servlet/custService?key=getLUWSJSSB&traffictype=,http://218.2.208.140:8091/JSWeb/servlet/custService?key=getLUWSJSSB&traffictype=,http://218.2.208.140:8091/JSWeb/servlet/custService?key=getLUWSJSSB&traffictype=,http://218.2.208.140:8091/JSWeb/servlet/custService?key=getLUWSJSSB&traffictype=,http://218.2.208.140:8091/JSWeb/servlet/custService?key=getLUWSJSSB&traffictype=,http://218.2.208.140:8091/JSWeb/servlet/custService?key=getLUWSJSSB&traffictype=,http://218.2.208.140:8091/JSWeb/servlet/custService?key=getLUWSJSSB&traffictype=,http://218.2.208.140:8091/JSWeb/servlet/custService?key=getLUWSJSSB&traffictype=,http://218.2.208.140:8091/JSWeb/servlet/custService?key=getLUWSJSSB&traffictype=,http://218.2.208.140:8091/JSWeb/servlet/custService?key=getLUWSJSSB&traffictype=,http://218.2.208.140:8091/JSWeb/servlet/custService?key=getLUWSJSSB&traffictype=,http://218.2.208.140:8091/JSWeb/servlet/custService?key=getLUWSJSSB&traffictype=,http://218.2.208.140:8091/JSWeb/servlet/custService?key=getLUWSJSSB&traffictype=,http://218.2.208.140:8091/JSWeb/servlet/custService?key=getLUWSJSSB&traffictype=,http://218.2.208.140:8091/JSWeb/servlet/custService?key=getLUWSJSSB&traffictype=,http://218.2.208.140:8091/JSWeb/servlet/custService?key=getLUWSJSSB&traffictype=,http://218.2.208.140:8091/JSWeb/servlet/custService?key=getLUWSJSSB&traffictype=,http://218.2.208.140:8091/JSWeb/servlet/custService?key=getLUWSJSSB&traffictype=,http://218.2.208.140:8091/JSWeb/servlet/custService?key=getLUWSJSSB&traffictype=,http://218.2.208.140:8091/JSWeb/servlet/custService?key=getLUWSJSSB&traffictype=,http://218.2.208.140:8091/JSWeb/servlet/custService?key=getLUWSJSSB&traffictype=,http://218.2.208.140:8091/JSWeb/servlet/custService?key=getLUWSJSSB&traffictype=,http://218.2.208.140:8091/JSWeb/servlet/custService?key=getLUWSJSSB&traffictype=,http://218.2.208.140:8091/JSWeb/servlet/custService?key=getLUWSJSSB&traffictype=,http://218.2.208.140:8091/JSWeb/servlet/custService?key=getLUWSJSSB&traffictype=,http://218.2.208.140:8091/JSWeb/servlet/custService?key=getLUWSJSSB&traffictype=,http://218.2.208.140:8091/JSWeb/servlet/custService?key=getLUWSJSSB&traffictype=,http://218.2.208.140:8091/JSWeb/servlet/custService?key=getLUWSJSSB&traffictype=,http://218.2.208.140:8091/JSWeb/servlet/custService?key=getLUWSJSSB&traffictype=,http://218.2.208.140:8091/JSWeb/servlet/custService?key=getLUWSJSSB&traffictype=,http://218.2.208.140:8091/JSWeb/servlet/custService?key=getLUWSJSSB&traffictype=,http://218.2.208.140:8091/JSWeb/servlet/custService?key=getLUWSJSSB&traffictype=,http://218.2.208.140:8091/JSWeb/servlet/custService?key=getLUWSJSSB&traffictype=,http://218.2.208.140:8091/JSWeb/servlet/custService?key=getLUWSJSSB&traffictype=,http://218.2.208.140:8091/JSWeb/servlet/custService?key=getLUWSJSSB&traffictype=,http://218.2.208.140:8091/JSWeb/servlet/custService?key=getLUWSJSSB&traffictype=,http://218.2.208.140:8091/JSWeb/servlet/custService?key=getLUWSJSSB&traffictype=,http://218.2.208.140:8091/JSWeb/servlet/custService?key=getLUWSJSSB&traffictype=,http://218.2.208.140:8091/JSWeb/servlet/custService?key=getLUWSJSSB&traffictype=,http://218.2.208.140:8091/JSWeb/servlet/custService?key=getLUWSJSSB&traffictype=,http://218.2.208.140:8091/JSWeb/servlet/custService?key=getLUWSJSSB&traffictype=,http://218.2.208.140:8091/JSWeb/servlet/custService?key=getLUWSJSSB&traffictype=,http://218.2.208.140:8091/JSWeb/servlet/custService?key=getLUWSJSSB&traffictype=,http://218.2.208.140:8091/JSWeb/servlet/custService?key=getLUWSJSSB&traffictype=,http://218.2.208.140:8091/JSWeb/servlet/custService?key=getLUWSJSSB&traffictype=,http://218.2.208.140:8091/JSWeb/servlet/custService?key=getLUWSJSSB&traffictype=,http://218.2.208.140:8091/JSWeb/servlet/custService?key=getLUWSJSSB&traffictype=,http://218.2.208.140:8091/JSWeb/servlet/custService?key=getLUWSJSSB&traffictype=,http://218.2.208.140:8091/JSWeb/servlet/custService?key=getLUWSJSSB&traffictype=,http://218.2.208.140:8091/JSWeb/servlet/custService?key=getLUWSJSSB&traffictype=,http://218.2.208.140:8091/JSWeb/servlet/custService?key=getLUWSJSSB&traffictype=,http://218.2.208.140:8091/JSWeb/servlet/custService?key=getLUWSJSSB&traffictype=,http://218.2.208.140:8091/JSWeb/servlet/custService?key=getLUWSJSSB&traffictype=,http://218.2.208.140:8091/JSWeb/servlet/custService?key=getLUWSJSSB&traffictype=,http://218.2.208.140:8091/JSWeb/servlet/custService?key=getLUWSJSSB&traffictype=,http://218.2.208.140:8091/JSWeb/servlet/custService?key=getLUWSJSSB&traffictype=,http://218.2.208.140:8091/JSWeb/servlet/custService?key=getLUWSJSSB&traffictype=,http://218.2.208.140:8091/JSWeb/servlet/custService?key=getLUWSJSSB&traffictype=,http://218.2.208.140:8091/JSWeb/servlet/custService?key=getLUWSJSSB&traffictype=,http://218.2.208.140:8091/JSWeb/servlet/custService?key=getLUWSJSSB&traffictype=,http://218.2.208.140:8091/JSWeb/servlet/custService?key=getLUWSJSSB&traffictype=,http://218.2.208.140:8091/JSWeb/servlet/custService?key=getLUWSJSSB&traffictype=,http://218.2.208.140:8091/JSWeb/servlet/custService?key=getLUWSJSSB&traffictype=,http://218.2.208.140:8091/JSWeb/servlet/custService?key=getLUWSJSSB&traffictype=
START_TIME,2016-04-27 10:00:22,2016-08-03 10:26:40,2016-08-18 07:41:28,2016-03-24 14:00:00,2015-11-01 00:00:00,2015-03-05 15:13:00,2016-01-24 00:00:00,2016-05-12 08:00:00,2015-06-10 08:00:00,2016-08-05 18:00:00,2016-02-12 09:00:00,2016-08-18 08:00:00,2016-08-08 14:45:00,2016-07-13 08:00:00,2016-06-27 10:27:37,2015-11-01 00:00:00,2015-03-05 15:00:00,2015-07-16 07:00:00,2016-06-29 08:00:00,2016-07-29 08:43:06,2016-08-18 10:10:00,2016-08-18 08:00:00,2016-08-02 09:20:00,2014-09-30 19:40:00,2014-09-30 19:40:00,2016-08-01 07:30:00,2016-07-04 08:50:00,2016-06-30 05:20:00,2016-05-11 15:00:00,2014-09-30 19:40:00,2015-03-05 14:58:00,2016-05-21 08:00:00,2016-08-05 08:00:00,2016-08-01 09:00:00,2016-06-30 15:50:07,2016-08-18 08:00:00,2016-08-18 08:00:00,2016-08-09 08:00:00,2016-08-09 08:00:00,2015-12-31 15:36:27,2016-02-22 08:00:00,2016-07-25 11:40:29,2016-07-25 11:40:29,2016-08-09 11:20:28,2014-12-03 15:33:28,2015-05-01 08:30:00,2014-12-15 09:33:56,2016-07-19 08:30:00,2015-10-10 10:27:00,2016-08-20 00:00:00,2015-01-04 00:00:00,2015-01-04 00:00:00,2016-08-18 08:23:00,2016-08-18 05:45:00,2016-08-18 05:28:00,2016-08-18 16:20:00,2016-08-18 13:50:00,2016-03-24 14:00:00,2016-08-10 09:00:00,2016-08-18 09:42:00,2016-08-18 13:10:00,2016-06-29 08:00:00,2016-08-18 11:45:00,2015-07-16 07:00:00,2016-08-18 08:00:00,2016-08-02 09:20:00,2016-08-18 05:30:00,2016-08-18 14:00:00,2016-08-18 07:00:00,2016-08-10 00:00:00,2016-08-03 10:00:00,2016-08-18 06:50:00,2016-03-03 07:00:00,2016-08-18 03:15:00,2016-08-17 08:15:00,2015-01-04 00:00:00,2016-07-29 16:45:00,2015-11-01 00:00:00,2015-03-05 15:13:00,2016-08-17 23:05:00,2015-08-24 08:00:00,2016-08-18 12:45:00,2016-08-18 01:25:00,2016-08-17 07:40:00,2016-08-16 05:10:00,2017-03-01 06:00:00,2016-10-20 06:00:00,2016-08-20 07:00:00,2016-08-18 11:15:00,2016-08-18 09:15:00,2016-08-15 06:00:00,2016-01-24 00:00:00,2016-06-05 08:00:00,2016-06-05 08:00:00,2016-08-03 00:00:00,2016-08-15 16:07:43,2016-03-01 15:06:24,2016-08-01 16:53:27,2016-08-08 08:41:59,2016-08-09 09:00:00,2016-08-09 09:00:00,2016-08-02 06:00:00,2016-03-08 10:18:44,2016-06-12 08:55:05,2016-07-15 08:30:00,2016-08-14 14:45:13,2015-08-24 15:48:37,2015-08-24 15:48:37,2015-08-24 15:48:37,2015-09-02 16:47:46,2016-08-17 16:00:00,2016-08-12 18:00:00,2015-08-12 14:20:00,2016-07-08 15:16:54,2016-04-29 08:43:30,2016-07-08 15:19:49,2015-11-23 14:40:27,2016-08-17 07:30:00,2016-06-09 08:33:34,2016-07-19 09:00:00,2016-08-18 08:30:00,2015-12-29 00:00:00,2015-12-29 00:00:00,2016-05-20 08:00:00,2016-05-20 08:00:00,2016-05-20 08:00:00,2016-05-20 08:00:00,2016-06-30 03:00:00,2016-08-15 09:30:00,2016-08-08 08:00:00,2016-07-20 08:00:00,2016-01-19 14:10:35,2016-08-18 10:44:46,2016-04-20 00:00:00,2016-06-08 14:30:00,2016-06-08 14:30:00,2016-08-02 15:37:26,2016-05-01 00:00:00,2015-03-21 16:00:00,2015-03-21 16:00:00,2016-01-01 08:00:00,2016-03-15 10:20:15,2016-08-15 08:00:00,2016-06-25 00:00:00,2016-08-08 08:00:00,2016-08-08 08:00:00,2016-08-11 08:00:00,2016-03-06 08:00:00,2016-06-24 12:00:00,2016-05-21 08:00:00,2016-08-18 08:00:00,2016-07-15 08:00:00,2016-07-15 08:00:00,2016-08-15 07:30:00,2016-08-01 07:00:00,2016-08-01 07:00:00,2016-08-01 07:00:00,2016-07-13 08:00:00,2016-08-16 10:00:00,2016-05-04 12:00:00,2016-08-18 15:00:00,2016-08-17 06:00:00,2015-02-15 13:47:25,2015-01-08 09:20:44,2016-04-15 00:00:00,2015-10-01 08:00:00,2015-10-01 08:00:00,2015-10-01 08:00:00,2016-08-18 11:30:00,2016-07-13 08:00:00,2016-07-13 08:00:00,2015-10-16 11:33:43,2016-05-20 08:00:00,2016-05-20 08:00:00,2016-06-01 08:00:00,2016-06-01 08:00:00,2016-06-01 08:00:00,2015-08-06 09:13:48,2015-08-06 09:13:48,2016-08-16 08:30:00,2016-05-20 08:00:00,2016-05-20 08:00:00,2016-07-08 15:08:59,2016-07-15 08:30:00,2016-05-16 08:00:00,2016-08-05 08:00:00,2014-11-15 00:00:00,2014-11-15 00:00:00,2016-08-18 14:10:25,2016-08-09 11:00:00,2016-08-09 11:00:00,2016-08-08 14:40:18,2016-08-08 16:03:19,2016-04-15 08:30:00,2016-08-14 09:00:00,2016-08-20 00:00:00,2016-08-02 16:14:51,2016-08-19 06:30:00,2016-08-19 06:30:00,2016-08-18 14:40:00,2016-08-18 05:52:00,2016-07-19 00:00:00,2016-07-19 00:00:00,2016-07-19 00:00:00,2016-07-19 00:00:00,2016-06-30 09:30:00,2016-06-30 09:30:00,2016-07-21 11:00:00,2016-07-21 10:50:00,2016-07-21 11:00:00,2016-07-21 10:50:00,2014-09-12 09:00:00,2016-04-21 11:18:54,2016-05-17 10:34:42,2015-10-12 14:44:07,2016-06-21 10:15:07,2016-07-14 08:00:00,2016-07-28 09:36:00,2016-07-12 14:30:00,2016-07-16 08:55:00,2014-09-30 19:40:00,2016-07-16 08:55:00,2016-03-26 09:00:00,2016-07-14 08:00:00,2016-05-08 08:00:00,2016-06-15 08:30:00,2014-09-18 09:36:38,2016-06-15 08:30:00
END_TIME,2016-08-31 16:00:00,2016-12-31 17:00:00,2016-08-18 09:15:00,2016-10-01 00:00:00,2016-12-31 23:59:00,2016-12-31 23:00:00,2018-06-30 23:59:00,2016-08-25 20:00:00,2016-12-31 18:00:00,2016-08-19 10:00:00,2016-12-24 17:00:00,2016-11-30 20:00:00,2016-09-23 18:30:00,2016-10-23 23:59:59,2016-08-31 23:45:00,2016-12-31 23:59:00,2016-12-31 23:00:00,2016-10-31 23:59:00,2017-06-29 08:00:00,2016-08-18 21:15:00,2016-08-18 17:00:00,2016-08-18 17:00:00,2016-08-31 18:00:00,2017-01-31 23:00:00,2017-01-31 23:00:00,2016-09-09 12:00:00,2016-09-30 18:00:00,2016-09-30 18:00:00,2016-09-30 18:00:00,2017-01-31 23:00:00,2017-01-31 23:59:00,2017-05-21 23:59:00,2016-09-15 23:59:59,2016-08-26 12:00:00,2016-09-30 16:00:00,2016-11-30 20:00:00,2016-11-30 20:00:00,2016-10-10 09:00:00,2016-10-10 09:00:00,2016-12-31 17:00:00,2016-12-31 17:00:00,2016-08-31 01:30:00,2016-08-31 01:30:00,2017-03-01 10:45:00,2016-12-31 01:30:00,2016-12-31 18:00:00,2016-12-31 02:15:00,2016-09-18 16:30:00,2016-09-30 19:00:00,2016-11-20 23:00:00,2016-12-31 23:59:00,2016-12-31 23:59:00,2016-08-18 17:00:00,2016-08-18 08:00:00,2016-08-18 17:00:00,2016-08-18 18:00:00,2016-08-18 15:00:00,2016-10-01 00:00:00,2016-08-20 23:00:00,2016-08-18 19:00:00,2016-08-18 17:00:00,2017-06-29 08:00:00,2016-08-18 16:00:00,2016-10-31 23:59:00,2016-08-18 18:00:00,2016-08-31 18:00:00,2016-08-18 12:00:00,2016-08-20 18:00:00,2016-08-25 08:00:00,2016-11-30 23:59:00,2016-11-20 18:00:00,2016-08-18 10:00:00,2016-10-31 18:00:00,2016-08-18 12:00:00,2016-08-18 10:00:00,2016-12-31 23:59:00,2016-09-30 00:00:00,2016-12-31 23:59:00,2016-12-31 23:00:00,2016-08-18 04:00:00,2016-09-30 18:00:00,2016-10-18 10:00:00,2016-08-18 11:00:00,2016-10-20 18:00:00,2016-09-08 23:59:00,2017-03-31 18:00:00,2017-02-28 18:00:00,2016-12-31 20:00:00,2016-08-18 12:00:00,2016-08-18 10:15:00,2016-09-30 18:00:00,2018-06-30 23:59:00,2016-09-30 08:00:00,2016-09-30 08:00:00,2016-08-20 23:45:00,2016-11-10 23:45:00,2016-12-31 00:00:00,2017-11-30 00:00:00,2016-11-30 23:45:00,2016-12-31 17:00:00,2016-12-31 17:00:00,2016-09-30 12:00:00,2016-09-20 17:00:00,2016-09-20 12:00:00,2016-09-30 18:00:00,2016-09-20 23:45:00,2018-02-10 18:00:00,2018-02-10 18:00:00,2018-02-10 18:00:00,2017-02-02 17:30:00,2016-08-18 09:00:00,2016-08-19 18:00:00,2016-08-30 23:45:00,2016-09-30 17:00:00,2016-08-30 17:30:00,2016-09-30 18:00:00,2016-08-31 17:00:00,2016-08-23 18:00:00,2016-09-05 18:00:00,2016-08-19 18:00:00,2016-08-18 18:00:00,2016-08-31 00:00:00,2016-08-31 00:00:00,2016-09-30 08:00:00,2016-09-30 08:00:00,2016-09-30 08:00:00,2016-09-30 08:00:00,2016-08-29 18:00:00,2016-08-31 18:00:00,2016-08-18 08:00:00,2016-09-30 08:00:00,2017-12-31 18:00:00,2016-09-09 16:30:00,2017-12-31 00:00:00,2016-09-10 09:00:00,2016-09-10 09:00:00,2016-08-31 18:00:00,2016-12-31 16:30:00,2016-10-31 16:00:00,2016-10-31 16:00:00,2016-12-31 16:00:00,2016-08-31 17:00:00,2016-08-30 18:00:00,2016-08-30 23:45:00,2016-08-18 08:00:00,2016-08-19 08:00:00,2016-09-30 18:00:00,2016-08-30 23:59:00,2016-08-31 18:00:00,2017-05-21 23:59:00,2016-08-18 18:00:00,2016-11-25 23:59:59,2016-11-30 17:00:00,2016-08-19 17:30:00,2016-09-30 17:00:00,2016-09-30 17:00:00,2016-09-30 17:00:00,2016-09-30 18:00:00,2016-08-22 18:00:00,2016-08-31 17:00:00,2016-08-19 20:00:00,2016-08-18 10:00:00,2016-12-31 00:00:00,2016-08-31 23:45:00,2017-10-15 00:00:00,2018-12-31 17:00:00,2018-12-31 17:00:00,2018-12-31 17:00:00,2016-08-18 17:00:00,2016-11-30 23:59:59,2016-11-30 23:59:59,2017-06-30 23:45:00,2016-09-30 08:00:00,2016-09-30 08:00:00,2017-06-01 08:00:00,2017-06-01 08:00:00,2017-06-01 08:00:00,2016-10-31 17:00:00,2016-10-31 17:00:00,2016-08-29 09:00:00,2016-09-30 08:00:00,2016-09-30 08:00:00,2016-09-30 18:00:00,2016-09-30 18:00:00,2016-12-16 18:00:00,2016-08-23 15:00:00,2016-08-31 00:00:00,2016-08-31 00:00:00,2016-08-18 15:00:00,2016-12-31 17:00:00,2016-12-31 17:00:00,2016-11-30 18:00:00,2016-09-20 23:45:00,2016-08-22 17:00:00,2016-08-24 23:45:00,2016-12-31 23:59:00,2016-09-02 17:00:00,2016-08-19 18:00:00,2016-08-19 21:00:00,2016-08-18 17:00:00,2016-08-18 09:00:00,2016-11-25 00:00:00,2016-11-25 00:00:00,2016-11-25 00:00:00,2016-11-25 00:00:00,2017-01-30 23:59:00,2017-01-30 23:59:00,2016-09-01 17:00:00,2016-09-01 17:00:00,2016-09-01 17:00:00,2016-09-01 17:00:00,2016-09-07 09:00:00,2016-09-30 11:00:00,2016-10-17 05:45:00,2017-10-13 08:15:00,2016-11-30 14:15:00,2016-09-30 18:00:00,2016-09-14 23:59:00,2016-12-31 23:59:00,2016-08-24 10:00:00,2017-01-31 23:00:00,2016-08-24 10:00:00,2016-12-31 23:59:00,2016-09-30 18:00:00,2016-11-20 18:00:00,2016-11-10 10:00:00,2016-12-31 12:00:00,2016-11-10 09:00:00
spider_status,,,,,,,,,,,,,,,,,,,,,,,,,,,,,,,,,,,,,,,,,,,,,,,,,,,,,,,,,,,,,,,,,,,,,,,,,,,,,,,,,,,,,,,,,,,,,,,,,,,,,,,,,,,,,,,,,,,,,,,,,,,,,,,,,,,,,,,,,,,,,,,,,,,,,,,,,,,,,,,,,,,,,,,,,,,,,,,,,,,,,,,,,,,,,,,,,,,,,,,,,,,,,,,,,,,,,,,,,,,,,,,,,,,,
fake_dist,,,,,,,,,,,,,,,,,,,,,,,,,,,,,,,,,,,,,,,,,,,,,,,,,,,,,,,,,,,,,,,,,,,,,,,,,,,,,,,,,,,,,,,,,,,,,,,,,,,,,,,,,,,,,,,,,,,,,,,,,,,,,,,,,,,,,,,,,,,,,,,,,,,,,,,,,,,,,,,,,,,,,,,,,,,,,,,,,,,,,,,,,,,,,,,,,,,,,,,,,,,,,,,,,,,,,,,,,,,,,,,,,,,,
fake_direction,,,,,,,,,,,,,,,,,,,,,,,,,,,,,,,,,,,,,,,,,,,,,,,,,,,,,,,,,,,,,,,,,,,,,,,,,,,,,,,,,,,,,,,,,,,,,,,,,,,,,,,,,,,,,,,,,,,,,,,,,,,,,,,,,,,,,,,,,,,,,,,,,,,,,,,,,,,,,,,,,,,,,,,,,,,,,,,,,,,,,,,,,,,,,,,,,,,,,,,,,,,,,,,,,,,,,,,,,,,,,,,,,,,,
event_type,,,,,,,,,,,,,,,,,,,,,,,,,,,,,,,,,,,,,,,,,,,,,,,,,,,,,,,,,,,,,,,,,,,,,,,,,,,,,,,,,,,,,,,,,,,,,,,,,,,,,,,,,,,,,,,,,,,,,,,,,,,,,,,,,,,,,,,,,,,,,,,,,,,,,,,,,,,,,,,,,,,,,,,,,,,,,,,,,,,,,,,,,,,,,,,,,,,,,,,,,,,,,,,,,,,,,,,,,,,,,,,,,,,,
reason,2,2,1,1,1,1,1,2,2,2,2,2,2,2,2,1,1,2,2,2,2,2,2,1,1,2,2,2,1,1,1,1,2,2,2,2,2,2,2,2,2,2,2,2,1,2,1,2,1,2,1,1,2,2,2,1,1,2,2,1,1,2,1,2,2,2,2,2,2,2,2,1,2,1,2,1,2,1,1,1,2,2,1,2,1,1,1,2,1,1,1,1,2,2,2,2,1,2,2,2,2,2,1,1,2,2,2,2,2,2,2,2,2,2,2,2,2,2,2,2,2,2,2,2,2,2,2,2,2,2,2,2,2,2,2,2,2,2,2,2,2,4,2,2,2,2,2,2,2,1,2,2,2,2,2,2,2,2,2,2,2,2,2,2,1,2,2,2,2,2,2,2,2,2,2,2,2,2,2,2,2,2,2,2,1,2,2,2,1,2,2,2,2,2,2,2,2,2,2,1,1,2,2,2,2,2,2,2,2,2,2,2,1,1,2,1,2,2,2,2,1,1,2,2,2,2,2,2
event_source,江苏省交通运输厅,江苏省交通运输厅,江苏省交通运输厅,江苏省交通运输厅,江苏省交通运输厅,江苏省交通运输厅,江苏省交通运输厅,江苏省交通运输厅,江苏省交通运输厅,江苏省交通运输厅,江苏省交通运输厅,江苏省交通运输厅,江苏省交通运输厅,江苏省交通运输厅,江苏省交通运输厅,江苏省交通运输厅,江苏省交通运输厅,江苏省交通运输厅,江苏省交通运输厅,江苏省交通运输厅,江苏省交通运输厅,江苏省交通运输厅,江苏省交通运输厅,江苏省交通运输厅,江苏省交通运输厅,江苏省交通运输厅,江苏省交通运输厅,江苏省交通运输厅,江苏省交通运输厅,江苏省交通运输厅,江苏省交通运输厅,江苏省交通运输厅,江苏省交通运输厅,江苏省交通运输厅,江苏省交通运输厅,江苏省交通运输厅,江苏省交通运输厅,江苏省交通运输厅,江苏省交通运输厅,江苏省交通运输厅,江苏省交通运输厅,江苏省交通运输厅,江苏省交通运输厅,江苏省交通运输厅,江苏省交通运输厅,江苏省交通运输厅,江苏省交通运输厅,江苏省交通运输厅,江苏省交通运输厅,江苏省交通运输厅,江苏省交通运输厅,江苏省交通运输厅,江苏省交通运输厅,江苏省交通运输厅,江苏省交通运输厅,江苏省交通运输厅,江苏省交通运输厅,江苏省交通运输厅,江苏省交通运输厅,江苏省交通运输厅,江苏省交通运输厅,江苏省交通运输厅,江苏省交通运输厅,江苏省交通运输厅,江苏省交通运输厅,江苏省交通运输厅,江苏省交通运输厅,江苏省交通运输厅,江苏省交通运输厅,江苏省交通运输厅,江苏省交通运输厅,江苏省交通运输厅,江苏省交通运输厅,江苏省交通运输厅,江苏省交通运输厅,江苏省交通运输厅,江苏省交通运输厅,江苏省交通运输厅,江苏省交通运输厅,江苏省交通运输厅,江苏省交通运输厅,江苏省交通运输厅,江苏省交通运输厅,江苏省交通运输厅,江苏省交通运输厅,江苏省交通运输厅,江苏省交通运输厅,江苏省交通运输厅,江苏省交通运输厅,江苏省交通运输厅,江苏省交通运输厅,江苏省交通运输厅,江苏省交通运输厅,江苏省交通运输厅,江苏省交通运输厅,江苏省交通运输厅,江苏省交通运输厅,江苏省交通运输厅,江苏省交通运输厅,江苏省交通运输厅,江苏省交通运输厅,江苏省交通运输厅,江苏省交通运输厅,江苏省交通运输厅,江苏省交通运输厅,江苏省交通运输厅,江苏省交通运输厅,江苏省交通运输厅,江苏省交通运输厅,江苏省交通运输厅,江苏省交通运输厅,江苏省交通运输厅,江苏省交通运输厅,江苏省交通运输厅,江苏省交通运输厅,江苏省交通运输厅,江苏省交通运输厅,江苏省交通运输厅,江苏省交通运输厅,江苏省交通运输厅,江苏省交通运输厅,江苏省交通运输厅,江苏省交通运输厅,江苏省交通运输厅,江苏省交通运输厅,江苏省交通运输厅,江苏省交通运输厅,江苏省交通运输厅,江苏省交通运输厅,江苏省交通运输厅,江苏省交通运输厅,江苏省交通运输厅,江苏省交通运输厅,江苏省交通运输厅,江苏省交通运输厅,江苏省交通运输厅,江苏省交通运输厅,江苏省交通运输厅,江苏省交通运输厅,江苏省交通运输厅,江苏省交通运输厅,江苏省交通运输厅,江苏省交通运输厅,江苏省交通运输厅,江苏省交通运输厅,江苏省交通运输厅,江苏省交通运输厅,江苏省交通运输厅,江苏省交通运输厅,江苏省交通运输厅,江苏省交通运输厅,江苏省交通运输厅,江苏省交通运输厅,江苏省交通运输厅,江苏省交通运输厅,江苏省交通运输厅,江苏省交通运输厅,江苏省交通运输厅,江苏省交通运输厅,江苏省交通运输厅,江苏省交通运输厅,江苏省交通运输厅,江苏省交通运输厅,江苏省交通运输厅,江苏省交通运输厅,江苏省交通运输厅,江苏省交通运输厅,江苏省交通运输厅,江苏省交通运输厅,江苏省交通运输厅,江苏省交通运输厅,江苏省交通运输厅,江苏省交通运输厅,江苏省交通运输厅,江苏省交通运输厅,江苏省交通运输厅,江苏省交通运输厅,江苏省交通运输厅,江苏省交通运输厅,江苏省交通运输厅,江苏省交通运输厅,江苏省交通运输厅,江苏省交通运输厅,江苏省交通运输厅,江苏省交通运输厅,江苏省交通运输厅,江苏省交通运输厅,江苏省交通运输厅,江苏省交通运输厅,江苏省交通运输厅,江苏省交通运输厅,江苏省交通运输厅,江苏省交通运输厅,江苏省交通运输厅,江苏省交通运输厅,江苏省交通运输厅,江苏省交通运输厅,江苏省交通运输厅,江苏省交通运输厅,江苏省交通运输厅,江苏省交通运输厅,江苏省交通运输厅,江苏省交通运输厅,江苏省交通运输厅,江苏省交通运输厅,江苏省交通运输厅,江苏省交通运输厅,江苏省交通运输厅,江苏省交通运输厅,江苏省交通运输厅,江苏省交通运输厅,江苏省交通运输厅,江苏省交通运输厅,江苏省交通运输厅,江苏省交通运输厅,江苏省交通运输厅,江苏省交通运输厅,江苏省交通运输厅,江苏省交通运输厅,江苏省交通运输厅,江苏省交通运输厅,江苏省交通运输厅,江苏省交通运输厅,江苏省交通运输厅,江苏省交通运输厅,江苏省交通运输厅,江苏省交通运输厅,江苏省交通运输厅
start_time,1461722422000,1470191200000,1471477288000,1458799200000,1446307200000,1425539580000,1453564800000,1463011200000,1433894400000,1470391200000,1455238800000,1471478400000,1470638700000,1468368000000,1466994457000,1446307200000,1425538800000,1437001200000,1467158400000,1469752986000,1471486200000,1471478400000,1470100800000,1412077200000,1412077200000,1470007800000,1467593400000,1467235200000,1462950000000,1412077200000,1425538680000,1463788800000,1470355200000,1470013200000,1467273007000,1471478400000,1471478400000,1470700800000,1470700800000,1451547387000,1456099200000,1469418029000,1469418029000,1470712828000,1417592008000,1430440200000,1418607236000,1468888200000,1444444020000,1471622400000,1420300800000,1420300800000,1471479780000,1471470300000,1471469280000,1471508400000,1471499400000,1458799200000,1470790800000,1471484520000,1471497000000,1467158400000,1471491900000,1437001200000,1471478400000,1470100800000,1471469400000,1471500000000,1471474800000,1470758400000,1470189600000,1471474200000,1456959600000,1471461300000,1471392900000,1420300800000,1469781900000,1446307200000,1425539580000,1471446300000,1440374400000,1471495500000,1471454700000,1471390800000,1471295400000,1488319200000,1476914400000,1471647600000,1471490100000,1471482900000,1471212000000,1453564800000,1465084800000,1465084800000,1470153600000,1471248463000,1456815984000,1470041607000,1470616919000,1470704400000,1470704400000,1470088800000,1457403524000,1465692905000,1468542600000,1471157113000,1440402517000,1440402517000,1440402517000,1441183666000,1471420800000,1470996000000,1439360400000,1467962214000,1461890610000,1467962389000,1448260827000,1471390200000,1465432414000,1468890000000,1471480200000,1451318400000,1451318400000,1463702400000,1463702400000,1463702400000,1463702400000,1467226800000,1471224600000,1470614400000,1468972800000,1453183835000,1471488286000,1461081600000,1465367400000,1465367400000,1470123446000,1462032000000,1426924800000,1426924800000,1451606400000,1458008415000,1471219200000,1466784000000,1470614400000,1470614400000,1470873600000,1457222400000,1466740800000,1463788800000,1471478400000,1468540800000,1468540800000,1471217400000,1470006000000,1470006000000,1470006000000,1468368000000,1471312800000,1462334400000,1471503600000,1471384800000,1423979245000,1420680044000,1460649600000,1443657600000,1443657600000,1443657600000,1471491000000,1468368000000,1468368000000,1444966423000,1463702400000,1463702400000,1464739200000,1464739200000,1464739200000,1438823628000,1438823628000,1471307400000,1463702400000,1463702400000,1467961739000,1468542600000,1463356800000,1470355200000,1415980800000,1415980800000,1471500625000,1470711600000,1470711600000,1470638418000,1470643399000,1460680200000,1471136400000,1471622400000,1470125691000,1471559400000,1471559400000,1471502400000,1471470720000,1468857600000,1468857600000,1468857600000,1468857600000,1467250200000,1467250200000,1469070000000,1469069400000,1469070000000,1469069400000,1410483600000,1461208734000,1463452482000,1444632247000,1466475307000,1468454400000,1469669760000,1468305000000,1468630500000,1412077200000,1468630500000,1458954000000,1468454400000,1462665600000,1465950600000,1411004198000,1465950600000
end_time,1472630400000,1483174800000,1471482900000,1475251200000,1483199940000,1483196400000,1530374340000,1472126400000,1483178400000,1471572000000,1482570000000,1480507200000,1474626600000,1477238399000,1472658300000,1483199940000,1483196400000,1477929540000,1498694400000,1471526100000,1471510800000,1471510800000,1472637600000,1485874800000,1485874800000,1473393600000,1475229600000,1475229600000,1475229600000,1485874800000,1485878340000,1495382340000,1473955199000,1472184000000,1475222400000,1480507200000,1480507200000,1476061200000,1476061200000,1483174800000,1483174800000,1472578200000,1472578200000,1488336300000,1483119000000,1483178400000,1483121700000,1474187400000,1475233200000,1479654000000,1483199940000,1483199940000,1471510800000,1471478400000,1471510800000,1471514400000,1471503600000,1475251200000,1471705200000,1471518000000,1471510800000,1498694400000,1471507200000,1477929540000,1471514400000,1472637600000,1471492800000,1471687200000,1472083200000,1480521540000,1479636000000,1471485600000,1477908000000,1471492800000,1471485600000,1483199940000,1475164800000,1483199940000,1483196400000,1471464000000,1475229600000,1476756000000,1471489200000,1476957600000,1473350340000,1490954400000,1488276000000,1483185600000,1471492800000,1471486500000,1475229600000,1530374340000,1475193600000,1475193600000,1471707900000,1478792700000,1483113600000,1511971200000,1480520700000,1483174800000,1483174800000,1475208000000,1474362000000,1474344000000,1475229600000,1474386300000,1518256800000,1518256800000,1518256800000,1486027800000,1471482000000,1471600800000,1472571900000,1475226000000,1472549400000,1475229600000,1472634000000,1471946400000,1473069600000,1471600800000,1471514400000,1472572800000,1472572800000,1475193600000,1475193600000,1475193600000,1475193600000,1472464800000,1472637600000,1471478400000,1475193600000,1514714400000,1473409800000,1514649600000,1473469200000,1473469200000,1472637600000,1483173000000,1477900800000,1477900800000,1483171200000,1472634000000,1472551200000,1472571900000,1471478400000,1471564800000,1475229600000,1472572740000,1472637600000,1495382340000,1471514400000,1480089599000,1480496400000,1471599000000,1475226000000,1475226000000,1475226000000,1475229600000,1471860000000,1472634000000,1471608000000,1471485600000,1483113600000,1472658300000,1507996800000,1546246800000,1546246800000,1546246800000,1471510800000,1480521599000,1480521599000,1498837500000,1475193600000,1475193600000,1496275200000,1496275200000,1496275200000,1477904400000,1477904400000,1472432400000,1475193600000,1475193600000,1475229600000,1475229600000,1481882400000,1471935600000,1472572800000,1472572800000,1471503600000,1483174800000,1483174800000,1480500000000,1474386300000,1471856400000,1472053500000,1483199940000,1472806800000,1471600800000,1471611600000,1471510800000,1471482000000,1480003200000,1480003200000,1480003200000,1480003200000,1485791940000,1485791940000,1472720400000,1472720400000,1472720400000,1472720400000,1473210000000,1475204400000,1476654300000,1507853700000,1480486500000,1475229600000,1473868740000,1483199940000,1472004000000,1485874800000,1472004000000,1483199940000,1475229600000,1479636000000,1478743200000,1483156800000,1478739600000
loc_name,京福线|G104,京福线|G104,京福线|G104,沈海高速|G15,沈海高速|G15,沈海高速|G15,京沪高速|G2,京沪高速|G2,京沪高速|G2,烟沪线|G204,烟沪线|G204,烟沪线|G204,山深线|G205,山深线|G205,临海高等级公路|G228,长深高速|G25,长深高速|G25,长深高速|G25,南京绕城高速|G2501,南京绕城高速|G2501,G2501与G25共线K55+443至K69+500|,G2501与G25共线K55+443至K69+500|,淮徐高速|G2513,淮徐高速|G2513,京台高速|G3,连霍高速|G30,连霍高速|G30,连霍高速|G30,连霍高速|G30,连霍高速|G30,连霍高速|G30,连天线|G310,连天线|G310,沪霍线|G312,沪霍线|G312,宁海线|G328,宁海线|G328,宁海线|G328,宁海线|G328,宁海线|G328,宁海线|G328,宁海线|G328,宁海线|G328,宁海线|G328,宁海线|G328,宁海线|G328,宁海线|G328,沪陕高速|G40,沪蓉高速|G42,沪蓉高速|G42,沪渝高速|G50,沪渝高速|G50,G4011K000至K032|,G2K1038至K1055|,G2K1061至K1095|,G2与G42共线K1095至K1120|,G2与G42共线K1120至K1190|,G15K1183至K1218|,G15K1183至K1218|,G15K1183至K1218|,G15K1183至K1218|,G2501K110至K159|,G25K1694至K1826|,G25K1839至K1932|,G2513K110至K203|,G2513K110至K203|,G2501K0至K25|,G40K212至K258|,G40K212至K258|,G40K212至K258|,G40K212至K258|,G40K325至K330|,G30K000至K088|,G40K323至K399|,G40K323至K399|,G50K61至K110|,G15K760至K843|,G15K760至K843|,G15K760至K843|,G15K844至K1165|,G15K844至K1165|,G2K860至K971|,G2K860至K971|,G2K860至K971|,G2K860至K971|,G2与G40共线K972至K1037|,G2与G40共线K972至K1037|,G2与G40共线K972至K1037|,G2与G40共线K972至K1037|,G2与G40共线K972至K1037|,G2与G40共线K972至K1037|,G2与G40共线K972至K1037|,宁徐线|S121,宁徐线|S121,宁小线|S122,宁乌线|S124,如渡线|S223,如渡线|S223,如渡线|S223,如渡线|S223,如渡线|S223,陈李线|S226,陈李线|S226,陈李线|S226,陈李线|S226,"锡张线(道路注销,明年改线)|S228(已注销)",盐锡线|S229,盐锡线|S229,盐锡线|S229,盐锡线|S229,盐锡线|S229,盐锡线|S229,环湖线|S230,阜扬线|S231,阜扬线|S231,阜扬线|S231,阜扬线|S231,阜扬线|S231,阜扬线|S231,泰漕线|S232,泰漕线|S232,泰漕线|S232,泰漕线|S232,灌楚线|S235,灌楚线|S235,灌楚线|S235,灌楚线|S235,淮江线|S237,淮江线|S237,淮江线|S237,淮江线|S237,淮江线|S237,大小线|S238,大小线|S238,常淳线|S239,常淳线|S239,金宜线|S240,金宜线|S240,大广线|S241,大广线|S241,莒杨线|S242,扬句线|S243,天扬线|S244,青泗线|S245,淮六线|S247,淮六线|S247,淮六线|S247,苍宿线|S250,苍宿线|S250,枣睢线|S251,塔双线|S252,塔双线|S252,金-丰-李|S254,东大线|S264,东大线|S264,东大线|S264,东大线|S264,东大线|S264,东大线|S264,启扬高速|S28,S28K226至K261|,S28K226至K261|,江南沿江|S308,江南沿江|S308,江南沿江|S308,江南沿江|S308,江南沿江|S308,江南沿江|S308,连徐路|S323,连徐路|S323,连徐路|S323,烟沪线|G204,扁洪线|S328,扁洪线|S328,扁洪线|S328,扁洪线|S328,扁洪线|S328,扁洪线|S328,扁洪线|S328,扁洪线|S328,扁洪线|S328,扁洪线|S328,大兴金线|S332,曹邮仪线|S333,如皋泰线|S334,如皋泰线|S334,吕通线|S335,吕通线|S335,海通都线|S336,海通都线|S336,海通都线|S336,龙铜线|S337,宁镇线|S338,张常溧线|S340,虞宜线|S342,S35K28至K56|null,张丹线|S357,S38K000至K101|,S38K000至K101|,S38K102至K190|,S38K102至K190|,西泾线|S414,西泾线|S414,西泾线|S414,西泾线|S414,沪宜高速|S48,S48K106至K171|,新扬高速|S49,新扬高速|S49,S49K0至K203|,S49K0至K203|,常嘉高速|S5,罡杨至泰州港公路|S506,罡杨至泰州港公路|S506,罡杨至泰州港公路|S506,罡杨至泰州港公路|S506,宁宣高速|S55,沪常高速|S58,沪常高速|S58,济徐高速公路|S69,济徐高速公路|S69,S69K0至K79|,南京支线|S87,S55与S88共线K000至K028|,宿迁支线|S96,郭板淮线|X208320923,镇澄鹿线|X302320281,东板线|X304320923
cycle,,,,,,,,,,,,,,,,,,,,,,,,,,,,,,,,,,,,,,,,,,,,,,,,,,,,,,,,,,,,,,,,,,,,,,,,,,,,,,,,,,,,,,,,,,,,,,,,,,,,,,,,,,,,,,,,,,,,,,,,,,,,,,,,,,,,,,,,,,,,,,,,,,,,,,,,,,,,,,,,,,,,,,,,,,,,,,,,,,,,,,,,,,,,,,,,,,,,,,,,,,,,,,,,,,,,,,,,,,,,,,,,,,,,
begin_end,,,,,,,,,,,,,,,,,,,,,,,,,,,,,,,,,,,,,,,,,,,,,,,,,,,,,,,,,,,,,,,,,,,,,,,,,,,,,,,,,,,,,,,,,,,,,,,,,,,,,,,,,,,,,,,,,,,,,,,,,,,,,,,,,,,,,,,,,,,,,,,,,,,,,,,,,,,,,,,,,,,,,,,,,,,,,,,,,,,,,,,,,,,,,,,,,,,,,,,,,,,,,,,,,,,,,,,,,,,,,,,,,,,,
ref_point,"-1,-1","119.463832,31.407204","119.786475,31.326515","-1,-1","-1,-1","-1,-1","-1,-1","119.690745,32.408334","119.911812,32.346119","119.824949,33.84099","-1,-1","120.340588,32.686459","118.596091,31.84287","118.415333,34.370814","-1,-1","-1,-1","-1,-1","118.73631,32.869203","118.669534,32.189288","118.71349,31.902042","118.936932,32.053156","118.902145,32.007638","117.406531,34.132647","-1,-1","-1,-1","118.251503,34.332105","-1,-1","117.698252,34.248245","117.698252,34.248245","-1,-1","-1,-1","117.800386,34.485103","117.087964,34.275866","120.346042,31.613851","119.867011,31.760082","-1,-1","-1,-1","-1,-1","-1,-1","-1,-1","-1,-1","-1,-1","-1,-1","-1,-1","-1,-1","119.97664,32.449232","-1,-1","121.166826,31.932121","-1,-1","118.756654,31.9703","120.632385,31.03942","-1,-1","119.402931,32.147062","120.226545,32.070674","120.316512,31.779483","120.459576,31.500459","120.497974,31.454435","120.987905,31.869671","120.994975,31.777204","120.993366,31.769083","120.991572,31.761485","-1,-1","119.238717,33.902384","118.73631,32.869203","117.37407,34.157535","117.406531,34.132647","118.920261,32.376524","120.461932,32.135867","120.466557,32.136211","120.458303,32.135407","120.458303,32.135407","119.616716,32.388671","119.124209,34.513136","119.458111,32.360094","118.943797,32.352551","120.632431,31.039429","-1,-1","119.24572,35.104141","119.084127,34.806772","120.753547,32.312327","120.54449,32.59758","119.288293,33.356365","119.524047,32.722588","119.288293,33.356365","119.503493,32.773614","119.978124,32.289094","119.978124,32.289094","119.934809,32.328784","119.84532,32.364593","119.875641,32.356491","119.978124,32.289094","-1,-1","118.326413,33.130692","118.326413,33.130692","119.476577,31.976686","-1,-1","121.159451,32.390451","121.153393,32.257601","121.139427,32.230774","121.03795,32.035778","121.037998,32.035411","120.427142,33.250663","-1,-1","-1,-1","120.686146,32.664541","-1,-1","120.169336,32.534412","120.169336,32.534412","120.169336,32.534412","120.164906,32.394293","-1,-1","120.308719,32.085308","120.402793,31.359876","119.853912,32.878476","119.897734,32.756625","119.896373,32.763764","119.899919,32.730633","119.900124,32.727584","119.867573,32.928012","120.015263,32.240025","119.975677,32.151605","-1,-1","-1,-1","119.234743,33.66477","119.234743,33.66477","119.195182,33.596101","119.195182,33.596101","119.430416,32.829335","119.519415,32.504467","119.192468,33.404894","119.193005,33.404191","-1,-1","-1,-1","119.496392,32.180747","119.61858,31.594937","119.61858,31.594937","119.718667,31.519671","-1,-1","119.533989,31.694589","-1,-1","-1,-1","119.304692,32.094303","119.345041,32.473184","118.832339,34.375207","118.866433,32.304452","118.866433,32.304452","-1,-1","118.052758,34.618814","117.967779,34.195235","-1,-1","117.587064,34.0491","117.578932,34.010464","116.5566,34.783408","-1,-1","-1,-1","-1,-1","-1,-1","-1,-1","-1,-1","119.34699,32.42375","119.339973,32.381646","119.445294,32.469074","-1,-1","-1,-1","-1,-1","-1,-1","-1,-1","-1,-1","118.610103,34.398953","118.213978,34.372698","118.213978,34.372698","-1,-1","119.371906,33.597569","119.371906,33.597569","-1,-1","-1,-1","-1,-1","-1,-1","-1,-1","119.551544,33.720216","119.444954,33.633177","119.444954,33.633177","120.196942,33.06251","120.367526,32.859432","120.088605,32.192511","120.644808,32.345259","121.500583,32.063509","121.500583,32.063509","-1,-1","-1,-1","-1,-1","118.733181,31.758604","121.231707,31.536058","119.364996,31.730229","120.16804,31.602271","119.934473,32.325656","-1,-1","120.117218,31.739903","120.117218,31.739903","119.306082,31.726312","119.269325,31.721163","-1,-1","-1,-1","-1,-1","-1,-1","120.098681,31.566126","-1,-1","118.365848,33.121493","118.413043,33.091537","118.365848,33.121493","118.413043,33.091537","120.892331,31.460236","-1,-1","-1,-1","-1,-1","-1,-1","118.814628,31.838025","120.693544,31.220016","120.613458,31.21197","116.711012,34.712384","-1,-1","116.711012,34.712384","-1,-1","118.814628,31.838025","118.242996,33.868465","-1,-1","-1,-1","-1,-1"
ref_point_type,1,1,1,1,1,1,1,1,1,1,1,1,1,1,1,1,1,1,1,1,1,1,1,1,1,1,1,1,1,1,1,1,1,1,1,1,1,1,1,1,1,1,1,1,1,1,1,1,1,1,1,1,1,1,1,1,1,1,1,1,1,1,1,1,1,1,1,1,1,1,1,1,1,1,1,1,1,1,1,1,1,1,1,1,1,1,1,1,1,1,1,1,1,1,1,1,1,1,1,1,1,1,1,1,1,1,1,1,1,1,1,1,1,1,1,1,1,1,1,1,1,1,1,1,1,1,1,1,1,1,1,1,1,1,1,1,1,1,1,1,1,1,1,1,1,1,1,1,1,1,1,1,1,1,1,1,1,1,1,1,1,1,1,1,1,1,1,1,1,1,1,1,1,1,1,1,1,1,1,1,1,1,1,1,1,1,1,1,1,1,1,1,1,1,1,1,1,1,1,1,1,1,1,1,1,1,1,1,1,1,1,1,1,1,1,1,1,1,1,1,1,1,1,1,1,1,1,1
description,"因养护施工,京福线[G104],上行[宜兴方向],1164.4K至1164.75K,目前行驶缓慢,采取限速行驶的措施,请谨慎驾驶。开始时间2016年04月27日,预计恢复时间2016年08月31日 16时。","因养护施工,京福线[G104],上行[宜兴方向],1245.148K至1245.498K,目前行驶缓慢,采取借道行驶的措施,请谨慎驾驶。开始时间2016年08月03日,预计恢复时间2016年12月31日 17时。","因交通事故,京福线[G104],下行[利国方向],1279.7K处,目前行驶缓慢,采取借道行驶的措施,请谨慎驾驶。开始时间2016年08月18日,预计恢复时间2016年08月18日 09时。","因其他,沈海高速[G15],双向,1193K处,目前行驶缓慢,采取餐厅改造扩建暂停营业的措施,请谨慎驾驶。开始时间2016年03月24日,预计恢复时间2016年10月01日 00时。","沈海高速[G15],上行[江苏上海交界新浏河方向],762K处,目前行驶缓慢,采取19至次日6危险品车辆禁止驶入山东高速的措施,请谨慎驾驶。开始时间2015年11月01日,预计恢复时间2016年12月31日 23时。","沈海高速[G15],双向,762K至835.857K,目前行驶缓慢,采取车辆和大客车禁止上高速的措施,请谨慎驾驶。开始时间2015年03月05日,预计恢复时间2016年12月31日 23时。","因,京沪高速[G2],双向,972K至1037K,目前行驶缓慢,采取限速行驶的措施,请谨慎驾驶。开始时间2016年01月24日,预计恢复时间2018年06月30日 23时。","因养护施工,京沪高速[G2],双向,973.313K至980.4K,目前行驶缓慢,采取施工封闭区域占用中央分割带及两侧超车道的措施,请谨慎驾驶。开始时间2016年05月12日,预计恢复时间2016年08月25日 20时。","因养护施工,京沪高速[G2],双向,999.4K至999.8K,目前行驶缓慢,采取借道行驶的措施,请谨慎驾驶。开始时间2015年06月10日,预计恢复时间2016年12月31日 18时。","因养护施工,烟沪线[G204],上行[太仓市方向],595.5K至597K,目前阻断,采取中断单向交通的措施,请选择其它线路绕行。开始时间2016年08月05日,预计恢复时间2016年08月19日 10时。","因养护施工,烟沪线[G204],双向,660.5K至662.8K,目前行驶缓慢,采取限速行驶的措施,请谨慎驾驶。开始时间2016年02月12日,预计恢复时间2016年12月24日 17时。","因养护施工,烟沪线[G204],双向,744.868K至750K,目前行驶缓慢,采取借道行驶的措施,请谨慎驾驶。开始时间2016年08月18日,预计恢复时间2016年11月30日 20时。","因养护施工,山深线[G205],上行[铜井方向],1285.5K至1299.6K,目前行驶缓慢,采取借道行驶的措施,请谨慎驾驶。开始时间2016年08月08日,预计恢复时间2016年09月23日 18时。","因养护施工,山深线[G205],下行[新沂市新安镇李庄方向],959.7K至966.15K,目前行驶缓慢,采取借道行驶的措施,请谨慎驾驶。开始时间2016年07月13日,预计恢复时间2016年10月23日 23时。","因养护施工,临海高等级公路[G228],上行[如东县栟茶镇方向],2491K至2507K,目前阻断,采取中断单向交通的措施,请选择其它线路绕行。开始时间2016年06月27日,预计恢复时间2016年08月31日 23时。","长深高速[G25],上行[洑东镇方向],1644K处,目前行驶缓慢,采取19至次日6危险品车辆禁止驶入山东高速的措施,请谨慎驾驶。开始时间2015年11月01日,预计恢复时间2016年12月31日 23时。","长深高速[G25],双向,1644K至1688K,目前行驶缓慢,采取交警限制车型的措施,请谨慎驾驶。开始时间2015年03月05日,预计恢复时间2016年12月31日 23时。","因养护施工,长深高速[G25],下行[连云港赣榆班庄方向],1917K至1918K,目前阻断,采取中断单向交通的措施,请选择其它线路绕行。开始时间2015年07月16日,预计恢复时间2016年10月31日 23时。","因养护施工,南京绕城高速[G2501],上行[程桥枢纽方向],110K至159K,目前行驶缓慢,采取借道行驶的措施,请谨慎驾驶。开始时间2016年06月29日,预计恢复时间2017年06月29日 08时。","因养护施工,南京绕城高速[G2501],上行[程桥枢纽方向],90K至92K,目前行驶缓慢,采取借道行驶的措施,请谨慎驾驶。开始时间2016年07月29日,预计恢复时间2016年08月18日 21时。",绕越东南段K57+100上行（三桥往四桥方向）进行火损路面维修施工，施工现场占用第三、应急车道，预计于本日17:00结束。,8月18日08:00，绕越东南段K63+300下行（四桥往三桥方向）进行火损路面维修施工，施工现场占用第三、应急车道，预计于本日17:00结束。,"因养护施工,淮徐高速[G2513],下行[楚州马甸方向],194.26K至194.56K,目前行驶缓慢,采取借道行驶的措施,请谨慎驾驶。开始时间2016年08月02日,预计恢复时间2016年08月31日 18时。","因正常,淮徐高速[G2513],双向,204K至222K,目前行驶缓慢,采取交警限制车型的措施,请谨慎驾驶。开始时间2014年09月30日,预计恢复时间2017年01月31日 23时。","因正常,京台高速[G3],双向,660K至735K,目前行驶缓慢,采取正常的措施,请谨慎驾驶。开始时间2014年09月30日,预计恢复时间2017年01月31日 23时。","因养护施工,连霍高速[G30],双向,126K处,目前行驶缓慢,采取新沂西出口超宽车道称重系统施工改造的措施,请谨慎驾驶。开始时间2016年08月01日,预计恢复时间2016年09月09日 12时。","因养护施工,连霍高速[G30],双向,179K处,目前行驶缓慢,采取借道行驶的措施,请谨慎驾驶。开始时间2016年07月04日,预计恢复时间2016年09月30日 18时。","因养护施工,连霍高速[G30],双向,179K处,目前行驶缓慢,采取借道行驶的措施,请谨慎驾驶。开始时间2016年06月30日,预计恢复时间2016年09月30日 18时。","因,连霍高速[G30],双向,179K处,目前行驶缓慢,采取双向占应急车道的措施,请谨慎驾驶。开始时间2016年05月11日,预计恢复时间2016年09月30日 18时。","因全年管制,连霍高速[G30],双向,0K至88K,目前行驶缓慢,采取施工的措施,请谨慎驾驶。开始时间2014年09月30日,预计恢复时间2017年01月31日 23时。","因交警限制车型,连霍高速[G30],双向,89K至235K,目前行驶缓慢,采取交警限制车型的措施,请谨慎驾驶。开始时间2015年03月05日,预计恢复时间2017年01月31日 23时。","因交通限制,连天线[G310],双向,170.23K至171.3K,目前行驶缓慢,采取实施交通限制的措施,请谨慎驾驶。开始时间2016年05月21日,预计恢复时间2017年05月21日 23时。","因养护施工,连天线[G310],下行[荷花街大松树方向],251.95K至251.97K,目前阻断,采取借道行驶的措施,请谨慎驾驶。开始时间2016年08月05日,预计恢复时间2016年09月15日 23时。","因养护施工,沪霍线[G312],下行[昆山花桥镇方向],138.5K至146.22K,目前行驶缓慢,采取借道行驶的措施,请谨慎驾驶。开始时间2016年08月01日,预计恢复时间2016年08月26日 12时。","因养护施工,沪霍线[G312],下行[昆山花桥镇方向],194.6K至195.57K,目前行驶缓慢,采取借道行驶的措施,请谨慎驾驶。开始时间2016年06月30日,预计恢复时间2016年09月30日 16时。","因养护施工,宁海线[G328],双向,206K至207K,目前行驶缓慢,采取限速行驶的措施,请谨慎驾驶。开始时间2016年08月18日,预计恢复时间2016年11月30日 20时。","因养护施工,宁海线[G328],双向,214K至220K,目前行驶缓慢,采取限速行驶的措施,请谨慎驾驶。开始时间2016年08月18日,预计恢复时间2016年11月30日 20时。","因养护施工,宁海线[G328],双向,227.7K至229.7K,目前阻断,采取借道行驶的措施,请选择其它线路绕行。开始时间2016年07月11日,预计恢复时间2016年10月10日 09时。","因养护施工,宁海线[G328],双向,237.3K至240.6K,目前阻断,采取借道行驶的措施,请谨慎驾驶。开始时间2016年08月09日,预计恢复时间2016年10月10日 09时。","因养护施工,宁海线[G328],双向,259.5K至260.7K,目前阻断,采取借道行驶的措施,请选择其它线路绕行。开始时间2015年12月31日,预计恢复时间2016年12月31日 17时。","因养护施工,宁海线[G328],下行[寅阳镇连兴港村方向],261.3K至261.9K,目前行驶缓慢,采取禁止大货车通行的措施,请选择其它线路绕行。开始时间2016年02月22日,预计恢复时间2016年12月31日 17时。","因养护施工,宁海线[G328],上行[新街口方向],272.9K至273.6K,目前行驶缓慢,采取借道行驶的措施,请谨慎驾驶。开始时间2016年07月25日,预计恢复时间2016年08月31日 01时。","因养护施工,宁海线[G328],上行[新街口方向],272.9K至273.6K,目前行驶缓慢,采取借道行驶的措施,请谨慎驾驶。开始时间2016年07月25日,预计恢复时间2016年08月31日 01时。","因养护施工,宁海线[G328],双向,327K至328.213K,目前行驶缓慢,采取限速行驶的措施,请谨慎驾驶。开始时间2016年08月09日,预计恢复时间2017年03月01日 10时。","因道路施工,宁海线[G328],下行[寅阳镇连兴港村方向],54.293K至54.7K,目前行驶缓慢,采取借道行驶的措施,请谨慎驾驶。开始时间2014年12月03日,预计恢复时间2016年12月31日 01时。","因养护施工,宁海线[G328],上行[新街口方向],54.6K至57.9K,目前行驶缓慢,采取借道行驶的措施,请谨慎驾驶。开始时间2015年05月01日,预计恢复时间2016年12月31日 18时。","因公路改造施工,宁海线[G328],下行[寅阳镇连兴港村方向],58.9K至59.75K,目前行驶缓慢,采取借道行驶的措施,请谨慎驾驶。开始时间2014年12月15日,预计恢复时间2016年12月31日 02时。","因养护施工,沪陕高速[G40],双向,155.433K处,目前行驶缓慢,采取关闭收费站入口超宽车道的措施,请谨慎驾驶。开始时间2016年07月19日,预计恢复时间2016年09月18日 16时。","因其他,沪蓉高速[G42],双向,178K处,目前行驶缓慢,采取薛家站出口超宽车道因设备故障关闭的措施,请谨慎驾驶。开始时间2015年10月10日,预计恢复时间2016年09月30日 19时。","因养护施工,沪蓉高速[G42],双向,302K处,目前阻断,采取借道行驶的措施,请选择其它线路绕行。开始时间2016年08月20日,预计恢复时间2016年11月20日 23时。","因,沪渝高速[G50],双向,61K至110.949K,目前行驶缓慢,采取限速行驶的措施,请谨慎驾驶。开始时间2015年01月04日,预计恢复时间2016年12月31日 23时。","沪渝高速G50,3,61K至110.949K,目前行驶缓慢,采取交警限制车型的措施,请谨慎驾驶。开始时间2015年01月04日,预计恢复时间2016年12月31日 23时。",往溧阳方向K23更换活动护栏，占用超车道，施工现场按规定摆放标志、标牌。,北京方向K1044.5至K1044.8护栏维修，占用1车道。,上海方向K1077至K1080中国移动光缆接续施工，占用1车道。,G2 K1114+700(无锡段、南幅）一辆货车抛锚在第三车道，目前车多缓行约2公里，正在处理中。,"G2 K1121 (苏州段,南幅)发生小车追尾事故，占据1车道，目前车多缓行约2公里。",因餐厅改造扩建，自2016年3月24日14:00至10月1日暂停营业。,盐城方向，主跨（K1203+700-K1203+250）桥面铺装施工，24小时封闭第三、应急车道,往盐城方向，南引桥至主跨（K1205+500-K1203+300）车流量大，车多缓行。,13:10往盐城方向，南引桥至南塔（K1206+500-K1204+000）车流量大，车多缓行。,接道管科通知：因地方公路（星火路）路改桥施工导致我路段K134-K137 往南京方向封闭，往南京方向车辆借淮安方向的超车道行驶,交通事故：11:45，在往连云港方向K1788发生一起货车自燃的交通事故，人员伤亡不详，已路堵。因处理事故需要，关闭丁集、淮阴、淮安机场及涟水主站（连云港方向）入口，同时在涟水主站对往连云港方向的车辆实行分流。目前事故正在处理中。,G25长深高速由连云港往杭州方向宁淮淮安段在黄花塘枢纽处，由于施工养护，封闭往宿迁、徐州方向匝道，由淮安往南京方向车辆如需要在黄花塘互通转向宁宿徐高速往泗洪、宿迁、徐州方向的，需向前行驶到铁山寺出口下高速后在重新进入高速，往淮安方向行驶5公里左右转宁宿徐高速，施工时间：7月16日7时至9月28日23时59分。,8月18日计划施工徐淮方向k198+ 590-400行车道。时间为:8:00-18:00,施工计划：8月2日9时20分至8月31日18时，G2513徐淮高速淮安往徐州方向K194+260至K194+560路段半幅封闭施工，在对面徐州往淮方向道路进行借道行驶。,路面热补施工，现场占用第二、第三及应急车道。,2016年8月18日14:00—2016年8月20日18:00，计划对宁通高速广九段G40：K233+400—K236+320（焦港河大桥）往南京方向实施铣刨施工，施工期间，上述路段实施借道通行。,宁通高速广九段路面维修工程对G40：K233+394至K235+459往南京方向实行半幅封闭施工，该路段往南京方向的车辆借往南通方向的车道行驶，预计1个星期左右结束。,宁通高速广九段（K212+415--K259+716）路面维修工程，自2016年8月10至2016年11月30日需对该路段实行半幅封闭施工半幅通行的交通管制措施，封闭时需借道行驶。具体封闭路段、封闭方向和封闭时间在施工封闭实施前再按实上报。,宁通高速广九段路面养护维修工程施工，包括裂缝处治、原路面铣刨并重铺路面、以及标线等附属工程的施工和缺陷修复，以及为实施以上永久工程而必须的临时工程的施工，计划工期为8月1日至11月20日，具体里程为G40：K212+415至KK259+716。 施工期间将根据施工要求拟采取半幅封闭半幅借道通行及单车道封闭同向单车道通行两种方案。 1、半幅封闭半幅借道通行：该方案适用于整体罩面施工路段，根据现场中央分隔带开口设置情况，2个分隔带开口之间长度作为1个自然段，计划将2个自然段作为1个封闭作业路段，1个封闭作业路段长度约2—4公里左右，一次滚动式封闭作业。施工期间，单向全封闭施工，另一侧车辆双向通行。 2、单车道封闭同向单车道通行、该方案适用于广陵出入口和九华枢纽出入口。按照实际需要封闭行车道或超车道，封闭作业长度一般不大于2公里。 具体通行方案届时将根据施工要求另行实时上报。,因京沪高速事故K957往北京方向车辆积压，封闭砖桥收费站往北京方向入口。,K39+780-K39+820跨桥施工。 1、2016年3月3日-2016年5月18日第一阶段：封闭高速公路左右幅第一行车道，实行交通管制。 2、2016年8月5日-2016年9月12日第二阶段：封闭高速公路连云港往徐州方向半幅路面。 3、2016年9月13日-2016年10月31日第三阶段：封闭高速公路徐州往连云港方向半幅路面。,汤汪站出口超宽道设备故障，超宽车无法下高速。,K392+763--K392+713 施工占用第一、二、三车道，夜间设备占用第三、应急车道。,G50沪渝高速全线由于临时交通管制，苏沪主线至苏浙主线各收费站入口禁止未持有省交警总队和苏州市交警支队核发的通行证车辆上高速；凌晨2点到5点禁止大客车（持有接驳证的除外）和易燃易爆、剧毒危化品（包括持有上述通行证）的运输车辆通行。,古泊河大桥施工，往北车辆借道至往南车道通行。,G15沈海高速汾灌段由灌云往汾水方向同三省界收费站，接山东方通知，从2015年11月1日起，每天19时至次日6时危险品车辆禁止驶入山东高速。,G15沈海高速汾灌段双向从同三省界至新坝2：00至5：00危险品车辆和大客车禁止上高速，同三苏鲁省界2：00至5：00山东大客车和危险品车辆不能进入江苏；江苏大客车和危险品车辆不能进入山东。,"连通K1134,三辆货车追尾，其中一辆为装载桶装危化品溴乙烷（微毒液体）的危险品车，有四桶掉落并少量泄露。占据第二、第三、和应急车道，一人受伤。",G15沈海高速沿海南通段由于施工养护，8月24日至9月30日，双向封闭K1095+800至K1095+915中分带两侧第一车道；10月13日至11月3日，封闭往南通方向K1094+635至K1096+585车道，借往连云港方向车道通行；11月4日至11月26日，封闭往连云港方向K1094+635至K1096+585车道，借往南通方向车道通行；11月27日至2016年3月14日，道路恢复通行。2016年3月15日至5月30日，封闭往南通方向K1093+455至K1096+445应急车道和往连云港方向K1095+635至K1098+465应急车道。,泾河收费站入口02超宽车道施工，需将出口ETC车道改为入口车道使用，故出口ETC车道需关闭。,京沪高速扬州段上海往北京方向K935处发生两货车追尾事故，现场交通临时中断，目前事故正在处理中。 1：37，因处置需要，江都东至八桥站往北京方向入口关闭。,泾河收费站出口超宽道施工封闭，超宽车辆需绕行。,龙奔服务区因加油站改造施工，龙奔服务区双向停止供油。,宁通高速宣堡服务区改扩建工程，计划于2016年8月15日—2017年3月30日实施，共分为三个阶段，第三阶段为：交通导改，计划2017年3月1日—2017年3月31日实施，主要施工内容：K1008+750通道老路范围反开挖施工。交通组织方式：主线老路左右幅封闭，绕行外侧新拼宽两个车道。,宁通高速宣堡服务区改扩建工程，计划于2016年8月15日—2017年3月30日实施，共分为三个阶段，第二阶段为：服务区关停，计划2016年10月20日—2017年02月28日实施，主要施工内容：1、剩余老匝道口处主线拼宽路基及道路基。2、主线拼宽侧路面施工。3、服务区结构物等拆除，房建区填土整平。交通组织方式：主线正常通行，服务区关停。,宁通高速宣堡枢纽匝道外移及顺接施工： 1、8月20日-10月20日对北京往泰州大桥方向匝道、泰州大桥往上海方向匝道主线拓宽，封闭宣堡枢纽南侧北京往泰州大桥方向匝道、泰州大桥往上海方向匝道； 2、10月21日-12月31日对上海往泰州大桥方向匝道、泰州大桥往北京方向匝道主线拓宽，封闭宣堡枢纽北侧上海往泰州大桥方向匝道、泰州大桥往北京方向匝道。,11:15，宁通高速泰州段G2：993K往上海方向（引江河）发生2小车追尾事故，占用快车道，无人员受伤，但车多缓行。相关单位正在处理。,09:15，宁通高速泰州段G2：996K往北京方向（泰州收费站主线），小轿车撞中央护栏，需要吊车。占用快车道，无人员受伤，现场行车道和应急车道可以通行，但车多缓行。积压约1公里。,宁通高速宣堡服务区改扩建工程，计划于2016年8月15日—2017年3月30日实施，共分为三个阶段，第一阶段为：2016年8月15日—2016年9月30日，主要施工内容：左右幅主线拼宽路基、部分新建匝道路基及K1008+750通道拼宽范围施工。交通组织方式：主线正常通行，服务区正常通行。,因G2京沪高速和G40沪陕高速共线——江都至广陵段（K970—K1040）改扩建施工需要，定于2016年1月24日0:00至2018年6月30日24:00，对以上路段实施危险化学品运输车辆禁止通行的交通管制措施。,"因养护施工,宁徐线[S121],下行[大桥北小堡方向],143K至152K,目前行驶缓慢,采取借道行驶的措施,请谨慎驾驶。开始时间2016年06月05日,预计恢复时间2016年09月30日 08时。","因养护施工,宁徐线[S121],下行[大桥北小堡方向],143K至152K,目前行驶缓慢,采取借道行驶的措施,请谨慎驾驶。开始时间2016年06月05日,预计恢复时间2016年09月30日 08时。","因养护施工,宁小线[S122],双向,60K至65.668K,目前行驶缓慢,采取限速行驶的措施,请谨慎驾驶。开始时间2016年08月03日,预计恢复时间2016年08月20日 23时。","因养护施工,宁乌线[S124],双向,14K至277K,目前阻断,采取中断双向交通的措施,请选择其它线路绕行。开始时间2016年08月15日,预计恢复时间2016年11月10日 23时。","因桥梁改造,如渡线[S223],双向,11.2K至12.8K,目前行驶缓慢,采取借道行驶的措施,请谨慎驾驶。开始时间2016年03月01日,预计恢复时间2016年12月31日 00时。","因养护施工,如渡线[S223],双向,26.555K至27.061K,目前行驶缓慢,采取半幅封闭及限速的措施,请谨慎驾驶。开始时间2016年08月01日,预计恢复时间2017年11月30日 00时。","因养护施工,如渡线[S223],双向,28K至32.138K,目前行驶缓慢,采取借道行驶的措施,请谨慎驾驶。开始时间2016年08月08日,预计恢复时间2016年11月30日 23时。","因养护施工,如渡线[S223],双向,59.92K处,目前阻断,采取中断双向交通的措施,请选择其它线路绕行。开始时间2016年08月09日,预计恢复时间2016年12月31日 17时。","因养护施工,如渡线[S223],双向,59.92K至60K,目前阻断,采取中断双向交通的措施,请选择其它线路绕行。开始时间2016年08月09日,预计恢复时间2016年12月31日 17时。","因养护施工,陈李线[S226],下行[陈港方向],164.8K至167K,目前行驶缓慢,采取借道行驶的措施,请谨慎驾驶。开始时间2016年08月02日,预计恢复时间2016年09月30日 12时。","因养护施工,陈李线[S226],双向,213.258K至213.478K,目前行驶缓慢,采取借道行驶的措施,请谨慎驾驶。开始时间2016年03月08日,预计恢复时间2016年09月20日 17时。","因工程施工,陈李线[S226],双向,213.358K至213.478K,目前阻断,采取中断双向交通的措施,请选择其它线路绕行。开始时间2016年06月12日,预计恢复时间2016年09月20日 12时。","因养护施工,陈李线[S226],双向,249K至253K,目前行驶缓慢,采取限速行驶的措施,请谨慎驾驶。开始时间2016年07月15日,预计恢复时间2016年09月30日 18时。","因养护施工,锡张线(道路注销,明年改线)[S228(已注销)],双向,17.2K至17.6K,目前行驶缓慢,采取限速行驶的措施,请谨慎驾驶。开始时间2016年08月14日,预计恢复时间2016年09月20日 23时。","因危桥改建,盐锡线[S229],双向,102.568K至103.244K,采取中断双向交通的措施,开始时间2015年08月24日,预计恢复时间2018年02月10日 18时。","因危桥改建,盐锡线[S229],双向,102.568K至103.244K,目前阻断,采取中断双向交通的措施,请选择其它线路绕行。开始时间2015年08月24日,预计恢复时间2018年02月10日 18时。","因危桥改建,盐锡线[S229],双向,102.568K至103.244K,目前阻断,采取中断双向交通的措施,请选择其它线路绕行。开始时间2015年08月24日,预计恢复时间2018年02月10日 18时。","因养护施工,盐锡线[S229],上行[北栅口方向],115.5K至123.9K,目前行驶缓慢,采取借道行驶的措施,请谨慎驾驶。开始时间2015年09月02日,预计恢复时间2017年02月02日 17时。","因养护施工,盐锡线[S229],上行[北栅口方向],158K至158.8K,目前行驶缓慢,采取借道行驶的措施,请谨慎驾驶。开始时间2016年08月17日,预计恢复时间2016年08月18日 09时。","因养护施工,盐锡线[S229],下行[南新河方向],159.1K至159.4K,目前行驶缓慢,采取借道行驶的措施,请谨慎驾驶。开始时间2016年08月12日,预计恢复时间2016年08月19日 18时。","因养护施工,环湖线[S230],双向,88.18K处,目前阻断,采取中断双向交通的措施,请选择其它线路绕行。开始时间2015年08月12日,预计恢复时间2016年08月30日 23时。","因养护施工,阜扬线[S231],下行[中堡方向],103.6K至104.601K,目前行驶缓慢,采取借道行驶的措施,请谨慎驾驶。开始时间2016年07月08日,预计恢复时间2016年09月30日 17时。","因养护施工,阜扬线[S231],上行[建设村方向],118.3K至118.411K,目前行驶缓慢,采取借道行驶的措施,请谨慎驾驶。开始时间2016年04月29日,预计恢复时间2016年08月30日 17时。","因养护施工,阜扬线[S231],上行[建设村方向],116K至119K,目前行驶缓慢,采取借道行驶的措施,请谨慎驾驶。开始时间2016年07月08日,预计恢复时间2016年09月30日 18时。","因养护施工,阜扬线[S231],双向,121.18K至121.255K,目前行驶缓慢,采取借道行驶的措施,请谨慎驾驶。开始时间2015年11月23日,预计恢复时间2016年08月31日 17时。","因养护施工,阜扬线[S231],上行[建设村方向],120.5K至122.601K,目前行驶缓慢,采取限速行驶的措施,请谨慎驾驶。开始时间2016年08月17日,预计恢复时间2016年08月23日 18时。","因养护施工,阜扬线[S231],上行[建设村方向],98.405K处,目前行驶缓慢,采取限速行驶的措施,请谨慎驾驶。开始时间2016年06月09日,预计恢复时间2016年09月05日 18时。","因养护施工,泰漕线[S232],下行[前进村方向],0.1K处,目前阻断,采取中断单向交通的措施,请选择其它线路绕行。开始时间2016年07月19日,预计恢复时间2016年08月19日 18时。","因养护施工,泰漕线[S232],下行[前进村方向],12K至16K,目前阻断,采取中断单向交通的措施,请选择其它线路绕行。开始时间2016年08月18日,预计恢复时间2016年08月18日 18时。","因养护施工,泰漕线[S232],上行[漕桥方向],89.85K至90.15K,目前拥堵,采取中断单向交通的措施,请谨慎驾驶。开始时间2015年12月29日,预计恢复时间2016年08月31日 00时。","因养护施工,泰漕线[S232],上行[漕桥方向],89.85K至90.15K,目前拥堵,采取中断单向交通的措施,请谨慎驾驶。开始时间2015年12月29日,预计恢复时间2016年08月31日 00时。","因养护施工,灌楚线[S235],上行[楚州淮城方向],67.05K至71.87K,目前阻断,采取中断单向交通的措施,请选择其它线路绕行。开始时间2016年05月20日,预计恢复时间2016年09月30日 08时。","因养护施工,灌楚线[S235],上行[楚州淮城方向],67.05K至71.87K,目前行驶缓慢,采取借道行驶的措施,请谨慎驾驶。开始时间2016年05月20日,预计恢复时间2016年09月30日 08时。","因养护施工,灌楚线[S235],上行[楚州淮城方向],75.67K至80.563K,目前行驶缓慢,采取借道行驶的措施,请谨慎驾驶。开始时间2016年05月20日,预计恢复时间2016年09月30日 08时。","因养护施工,灌楚线[S235],上行[楚州淮城方向],75.67K至80.563K,目前阻断,采取中断单向交通的措施,请选择其它线路绕行。开始时间2016年05月20日,预计恢复时间2016年09月30日 08时。","因养护施工,淮江线[S237],双向,101.45K至101.5K,目前行驶缓慢,采取限速行驶的措施,请谨慎驾驶。开始时间2016年06月30日,预计恢复时间2016年08月29日 18时。","因养护施工,淮江线[S237],双向,140.7K至146.3K,目前行驶缓慢,采取借道行驶的措施,请谨慎驾驶。开始时间2016年08月15日,预计恢复时间2016年08月31日 18时。","因养护施工,淮江线[S237],上行[新336方向],28K处,目前行驶缓慢,采取借道行驶的措施,请谨慎驾驶。开始时间2016年08月08日,预计恢复时间2016年08月18日 08时。","因养护施工,淮江线[S237],双向,24.98K至31.22K,目前阻断,采取借道行驶的措施,请选择其它线路绕行。开始时间2016年07月20日,预计恢复时间2016年09月30日 08时。","因养护施工,淮江线[S237],双向,81.96K至82.56K,采取限速行驶的措施,请谨慎驾驶。开始时间2016年01月19日,预计恢复时间2017年12月31日 18时。","因养护施工,大小线[S238],上行[扬中市西来桥方向],29.7K至32.6K,目前行驶缓慢,采取限速行驶的措施,请谨慎驾驶。开始时间2016年08月18日,预计恢复时间2016年09月09日 16时。","因养护施工,大小线[S238],双向,1.8K至7.8K,目前行驶缓慢,采取限速行驶的措施,请谨慎驾驶。开始时间2016年04月20日,预计恢复时间2017年12月31日 00时。","因养护施工,常淳线[S239],下行[卜弋转盘方向],55.75K至55.95K,目前行驶缓慢,采取借道行驶的措施,请谨慎驾驶。开始时间2016年06月08日,预计恢复时间2016年09月10日 09时。","因养护施工,常淳线[S239],下行[卜弋转盘方向],55.75K至55.95K,目前行驶缓慢,采取借道行驶的措施,请谨慎驾驶。开始时间2016年06月08日,预计恢复时间2016年09月10日 09时。","因养护施工,金宜线[S240],双向,24.68K至39.23K,目前行驶缓慢,采取局部封闭的措施,请谨慎驾驶。开始时间2016年08月02日,预计恢复时间2016年08月31日 18时。","因养护施工,金宜线[S240],双向,8.4K至9.45K,目前行驶缓慢,采取借道行驶的措施,请谨慎驾驶。开始时间2016年05月01日,预计恢复时间2016年12月31日 16时。","因养护施工,大广线[S241],双向,68K处,目前拥堵,采取中断单向交通的措施,请谨慎驾驶。开始时间2015年03月21日,预计恢复时间2016年10月31日 16时。","因养护施工,大广线[S241],双向,68K至82.361K,目前拥堵,采取中断单向交通的措施,请谨慎驾驶。开始时间2015年03月21日,预计恢复时间2016年10月31日 16时。","因养护施工,莒杨线[S242],上行[善后河大桥方向],18K至29K,目前阻断,采取中断双向交通的措施,请选择其它线路绕行。开始时间2016年01月01日,预计恢复时间2016年12月31日 16时。","因养护施工,扬句线[S243],上行[三岔方向],36.3K至36.5K,目前行驶缓慢,采取借道行驶的措施,请谨慎驾驶。开始时间2016年03月15日,预计恢复时间2016年08月31日 17时。","因养护施工,天扬线[S244],双向,13K至31K,目前行驶缓慢,采取限速行驶的措施,请谨慎驾驶。开始时间2016年08月15日,预计恢复时间2016年08月30日 18时。","因养护施工,青泗线[S245],双向,37K处,目前阻断,采取中断双向交通的措施,请选择其它线路绕行。开始时间2016年06月25日,预计恢复时间2016年08月30日 23时。","因养护施工,淮六线[S247],上行[东坝头方向],28K至28.2K,目前行驶缓慢,采取借道行驶的措施,请谨慎驾驶。开始时间2016年08月08日,预计恢复时间2016年08月18日 08时。","因养护施工,淮六线[S247],上行[东坝头方向],28K至28.2K,目前行驶缓慢,采取借道行驶的措施,请谨慎驾驶。开始时间2016年08月08日,预计恢复时间2016年08月19日 08时。","因养护施工,淮六线[S247],上行[东坝头方向],36K至61K,目前行驶缓慢,采取借道行驶的措施,请谨慎驾驶。开始时间2016年08月11日,预计恢复时间2016年09月30日 18时。","因养护施工,苍宿线[S250],双向,2.095K至6.23K,目前阻断,采取中断双向交通的措施,请选择其它线路绕行。开始时间2016年03月06日,预计恢复时间2016年08月30日 23时。","因养护施工,苍宿线[S250],双向,54.1K至67.4K,目前阻断,采取中断单向交通的措施,请选择其它线路绕行。开始时间2016年06月24日,预计恢复时间2016年08月31日 18时。","因交通限制,枣睢线[S251],双向,14.41K至14.616K,目前拥堵,采取实施交通限制的措施,请谨慎驾驶。开始时间2016年05月21日,预计恢复时间2017年05月21日 23时。","因养护施工,塔双线[S252],上行[双沟孟圩村方向],42K至43K,目前行驶缓慢,采取限速行驶的措施,请谨慎驾驶。开始时间2016年08月18日,预计恢复时间2016年08月18日 18时。","因养护施工,塔双线[S252],双向,44.484K至50.277K,目前阻断,采取中断双向交通的措施,请选择其它线路绕行。开始时间2016年07月15日,预计恢复时间2016年11月25日 23时。","因养护施工,金-丰-李[S254],双向,6.5K至24.185K,目前阻断,采取中断单向交通的措施,请选择其它线路绕行。开始时间2016年07月15日,预计恢复时间2016年11月30日 17时。","因养护施工,东大线[S264],双向,105.2K至114K,目前行驶缓慢,采取限速行驶的措施,请谨慎驾驶。开始时间2016年08月15日,预计恢复时间2016年08月19日 17时。","因养护施工,东大线[S264],双向,114K至133.69K,目前阻断,采取中断双向交通的措施,请选择其它线路绕行。开始时间2016年08月01日,预计恢复时间2016年09月30日 17时。","因养护施工,东大线[S264],双向,114K至133.69K,目前阻断,采取中断双向交通的措施,请选择其它线路绕行。开始时间2016年08月01日,预计恢复时间2016年09月30日 17时。","因养护施工,东大线[S264],双向,114K至133.69K,目前阻断,采取中断双向交通的措施,请选择其它线路绕行。开始时间2016年08月01日,预计恢复时间2016年09月30日 17时。","因养护施工,东大线[S264],双向,144.754K至161.586K,目前阻断,采取中断双向交通的措施,请选择其它线路绕行。开始时间2016年07月13日,预计恢复时间2016年09月30日 18时。","因养护施工,东大线[S264],双向,186K至196K,目前行驶缓慢,采取借道行驶的措施,请谨慎驾驶。开始时间2016年08月16日,预计恢复时间2016年08月22日 18时。","因养护施工,启扬高速[S28],上行[汊河镇方向],252.9K至250.6K,目前行驶缓慢,采取限速行驶的措施,请谨慎驾驶。开始时间2016年05月04日,预计恢复时间2016年08月31日 17时。",启扬高速启东往扬州方向K256+700路面维修施工，占快车道，夜间设备停靠在快车道。,K241+400-K239+800路面维修，白天（06：00-19：00）施工占用快车道和慢车道，夜间占用快车道。,"因养护施工,江南沿江[S308],双向,142.6K至144.2K,目前阻断,采取中断双向交通的措施,请选择其它线路绕行。开始时间2015年02月15日,预计恢复时间2016年12月31日 00时。","因养护施工,江南沿江[S308],双向,146K至148.15K,目前阻断,采取中断双向交通的措施,请选择其它线路绕行。开始时间2015年01月08日,预计恢复时间2016年08月31日 23时。","因高铁施工,江南沿江[S308],双向,219.6K至219.95K,目前行驶缓慢,采取单车道封闭的措施,请谨慎驾驶。开始时间2016年04月15日,预计恢复时间2017年10月15日 00时。","因养护施工,江南沿江[S308],上行[于南方向],0.03K至35.345K,目前阻断,采取中断双向交通的措施,请选择其它线路绕行。开始时间2015年10月01日,预计恢复时间2018年12月31日 17时。","因养护施工,江南沿江[S308],上行[于南方向],0.03K至35.345K,目前阻断,采取中断单向交通的措施,请选择其它线路绕行。开始时间2015年10月01日,预计恢复时间2018年12月31日 17时。","因养护施工,江南沿江[S308],下行[太仓市洋桥收费站方向],0.03K至35.345K,目前阻断,采取中断双向交通的措施,请选择其它线路绕行。开始时间2015年10月01日,预计恢复时间2018年12月31日 17时。","因养护施工,连徐路[S323],上行[腾龙圆盘方向],56.5K至56.7K,目前阻断,采取借道行驶的措施,请选择其它线路绕行。开始时间2016年08月18日,预计恢复时间2016年08月18日 17时。","因养护施工,连徐路[S323],下行[连云港方向],94K至105K,目前阻断,采取借道行驶的措施,请谨慎驾驶。开始时间2016年07月13日,预计恢复时间2016年11月30日 23时。","因养护施工,连徐路[S323],下行[连云港方向],94K至105K,目前行驶缓慢,采取借道行驶的措施,请谨慎驾驶。开始时间2016年07月13日,预计恢复时间2016年11月30日 23时。","因养护施工,烟沪线[G204],双向,491K至546K,目前阻断,采取中断双向交通的措施,请过往车辆绕行G15、G25、G228、S236、S235、S326。。开始时间2015年10月16日,预计恢复时间2017年06月30日 23时。","因养护施工,扁洪线[S328],上行[洪泽高良涧方向],104K至108K,目前阻断,采取借道行驶的措施,请选择其它线路绕行。开始时间2016年05月20日,预计恢复时间2016年09月30日 08时。","因养护施工,扁洪线[S328],上行[洪泽高良涧方向],104K至108K,目前阻断,采取中断单向交通的措施,请选择其它线路绕行。开始时间2016年05月20日,预计恢复时间2016年09月30日 08时。","因养护施工,扁洪线[S328],下行[扁担港方向],180.1K至180.3K,目前行驶缓慢,采取借道行驶的措施,请谨慎驾驶。开始时间2016年06月01日,预计恢复时间2017年06月01日 08时。","因养护施工,扁洪线[S328],下行[扁担港方向],180.1K至180.3K,目前行驶缓慢,采取借道行驶的措施,请谨慎驾驶。开始时间2016年06月01日,预计恢复时间2017年06月01日 08时。","因养护施工,扁洪线[S328],下行[扁担港方向],180.1K至180.3K,目前行驶缓慢,采取借道行驶的措施,请谨慎驾驶。开始时间2016年06月01日,预计恢复时间2017年06月01日 08时。","因养护施工,扁洪线[S328],双向,76K至77K,目前阻断,采取中断双向交通的措施,请选择其它线路绕行。开始时间2015年08月06日,预计恢复时间2016年10月31日 17时。","因养护施工,扁洪线[S328],双向,76K至77K,目前阻断,采取中断双向交通的措施,请选择其它线路绕行。开始时间2015年08月06日,预计恢复时间2016年10月31日 17时。","因养护施工,扁洪线[S328],下行[扁担港方向],84K至84.2K,目前阻断,采取中断单向交通的措施,请选择其它线路绕行。开始时间2016年08月16日,预计恢复时间2016年08月29日 09时。","因养护施工,扁洪线[S328],上行[洪泽高良涧方向],97.329K至99K,目前阻断,采取借道行驶的措施,请谨慎驾驶。开始时间2016年05月20日,预计恢复时间2016年09月30日 08时。","因养护施工,扁洪线[S328],上行[洪泽高良涧方向],97.329K至99K,目前阻断,采取中断单向交通的措施,请选择其它线路绕行。开始时间2016年05月20日,预计恢复时间2016年09月30日 08时。","因养护施工,大兴金线[S332],上行[安徽铜城界方向],62K至70K,目前行驶缓慢,采取借道行驶的措施,请谨慎驾驶。开始时间2016年07月08日,预计恢复时间2016年09月30日 18时。","因养护施工,曹邮仪线[S333],双向,25.1K至31.02K,目前行驶缓慢,采取限速行驶的措施,请谨慎驾驶。开始时间2016年07月15日,预计恢复时间2016年09月30日 18时。","因涉路施工,如皋泰线[S334],双向,135.95K处,目前行驶缓慢,采取借道行驶的措施,请谨慎驾驶。开始时间2016年05月16日,预计恢复时间2016年12月16日 18时。","因养护施工,如皋泰线[S334],下行[大豫镇方向],75.1K至75.3K,目前行驶缓慢,采取限速行驶的措施,请谨慎驾驶。开始时间2016年08月05日,预计恢复时间2016年08月23日 15时。","因养护施工,吕通线[S335],双向,7.63K至8.755K,目前阻断,采取中断双向交通的措施,请选择其它线路绕行。开始时间2014年11月15日,预计恢复时间2016年08月31日 00时。","因养护施工,吕通线[S335],双向,7.63K至8.755K,采取中断双向交通的措施,请选择其它线路绕行。开始时间2014年11月15日,预计恢复时间2016年08月31日 00时。","因交通事故,海通都线[S336],下行[启东市寅兴垦区海防大堤方向],139.2K处,目前行驶缓慢,采取限速行驶的措施,请谨慎驾驶。开始时间2016年08月18日,预计恢复时间2016年08月18日 15时。","因养护施工,海通都线[S336],双向,140.656K处,目前阻断,采取中断双向交通的措施,请选择其它线路绕行。开始时间2016年08月09日,预计恢复时间2016年12月31日 17时。","因养护施工,海通都线[S336],双向,140.656K至140.7K,目前阻断,采取中断双向交通的措施,请选择其它线路绕行。开始时间2016年08月09日,预计恢复时间2016年12月31日 17时。","因养护施工,龙铜线[S337],上行[铜井镇方向],61K至71K,目前行驶缓慢,采取借道行驶的措施,请谨慎驾驶。开始时间2016年08月08日,预计恢复时间2016年11月30日 18时。","因养护施工,宁镇线[S338],上行[栖霞镇方向],9.1K至9.6K,目前行驶缓慢,采取右侧非机动车道和人行道实行全封闭施工的措施,请谨慎驾驶。开始时间2016年08月08日,预计恢复时间2016年09月20日 23时。","因养护施工,张常溧线[S340],下行[青草巷方向],132.6K至133.6K,目前拥堵,采取借道行驶的措施,请谨慎驾驶。开始时间2016年04月15日,预计恢复时间2016年08月22日 17时。","因养护施工,虞宜线[S342],下行[苏常线转盘方向],59.3K至60.6K,目前行驶缓慢,采取借道行驶的措施,请谨慎驾驶。开始时间2016年08月14日,预计恢复时间2016年08月24日 23时。",泰州大桥宣堡枢纽匝道外移及顺接施工： 1、8月20日0:00-10月20日24:00封闭泰州大桥宣堡枢纽往上海方向匝道、宁通高速上海方向转泰州大桥匝道； 2、10月21日0:00-12月31日24:00封闭泰州大桥宣堡枢纽往北京方向匝道、宁通高速北京方向转泰州大桥匝道。,"因养护施工,张丹线[S357],双向,7.65K至27.08K,目前行驶缓慢,采取半幅封闭施工半幅通行的措施,请谨慎驾驶。开始时间2016年08月02日,预计恢复时间2016年09月02日 17时。",横林枢纽宁太方向转沪宁南京方向匝道，路面铣刨施工封闭。,横林枢纽宁太方向转沪宁南京方向匝道，路面铣刨施工封闭。,养护报茅山隧道内供电停电，供电局正在抢修。,宁常K166两货车追尾，事故现场占据第三车道及应急车道。,"因养护施工,西泾线[S414],双向,8K至17.8K,目前阻断,采取中断双向交通的措施,请选择其它线路绕行。开始时间2016年07月19日,预计恢复时间2016年11月25日 00时。","因养护施工,西泾线[S414],双向,8K至17.8K,目前阻断,采取中断双向交通的措施,请选择其它线路绕行。开始时间2016年07月19日,预计恢复时间2016年11月25日 00时。","因养护施工,西泾线[S414],双向,8K至17.8K,目前阻断,采取中断双向交通的措施,请选择其它线路绕行。开始时间2016年07月19日,预计恢复时间2016年11月25日 00时。","因养护施工,西泾线[S414],双向,8K至17.8K,目前阻断,采取中断双向交通的措施,请选择其它线路绕行。开始时间2016年07月19日,预计恢复时间2016年11月25日 00时。","因养护施工,沪宜高速[S48],双向,127.462K处,目前行驶缓慢,采取借道行驶的措施,请谨慎驾驶。开始时间2016年06月30日,预计恢复时间2017年01月30日 23时。",陆马公路上跨雪阖线桥梁改造施工，在陆马线K5+500至K6+800借道行驶，现场已放置警示标志,"因养护施工,新扬高速[S49],上行[盱眙县黄花塘镇方向],159.7K至156.8K,目前行驶缓慢,采取借道行驶的措施,请谨慎驾驶。开始时间2016年07月21日,预计恢复时间2016年09月01日 17时。","因养护施工,新扬高速[S49],上行[盱眙县黄花塘镇方向],164.1K至163.5K,目前行驶缓慢,采取限速行驶的措施,请谨慎驾驶。开始时间2016年07月21日,预计恢复时间2016年09月01日 17时。",施工计划：7月22日9时至9月1日17时，新扬高速扬州至新沂方向K159+700至K156+800路段半幅封闭施工，在对面道路进行借道行驶。,施工计划：7月22日9时至9月1日17时，新扬高速扬州至新沂方向K164+100至k163+500路段半幅封闭施工，车辆需从明祖陵服务区通行。,"因养护施工,常嘉高速[S5],上行[甪直枢纽方向],18.769K至21.2K,目前行驶缓慢,采取借道行驶的措施,请谨慎驾驶。开始时间2014年09月12日,预计恢复时间2016年09月07日 09时。","因道路施工,罡杨至泰州港公路[S506],双向,25.95K至26.15K,目前行驶缓慢,采取借道行驶的措施,请谨慎驾驶。开始时间2016年04月21日,预计恢复时间2016年09月30日 11时。","因涉路施工,罡杨至泰州港公路[S506],上行[口岸船厂方向],25.9K至26.2K,目前阻断,采取借道行驶的措施,请谨慎驾驶。开始时间2016年05月17日,预计恢复时间2016年10月17日 05时。","因养护施工,罡杨至泰州港公路[S506],上行[口岸船厂方向],26.7K至27.3K,目前行驶缓慢,采取借道行驶的措施,请谨慎驾驶。开始时间2015年10月12日,预计恢复时间2017年10月13日 08时。","因绿化施工,罡杨至泰州港公路[S506],双向,33.5K至36K,目前行驶缓慢,采取限速行驶的措施,请谨慎驾驶。开始时间2016年06月21日,预计恢复时间2016年11月30日 14时。","因养护施工,宁宣高速[S55],下行[花神庙方向],15K至16.19K,目前行驶缓慢,采取借道行驶的措施,请谨慎驾驶。开始时间2016年07月14日,预计恢复时间2016年09月30日 18时。","因养护施工,沪常高速[S58],下行[千灯方向],36.2K至38.3K,目前行驶缓慢,采取借道行驶的措施,请谨慎驾驶。开始时间2016年07月28日,预计恢复时间2016年09月14日 23时。","因养护施工,沪常高速[S58],双向,45K至45.1K,目前行驶缓慢,采取暂封闭K45石湖大桥双向第三行车道的措施,请谨慎驾驶。开始时间2016年07月12日,预计恢复时间2016年12月31日 23时。","因养护施工,济徐高速公路[S69],双向,27.264K处,目前行驶缓慢,采取沛丰站出口超宽车道施工改造的措施,请选择其它线路绕行。开始时间2016年07月16日,预计恢复时间2016年08月24日 10时。","济徐高速公路[S69],双向,18K至79K,目前行驶缓慢,采取交警限制车型的措施,请谨慎驾驶。开始时间2014年09月30日,预计恢复时间2017年01月31日 23时。",沛丰站出口超宽车道进行称重系统施工改造，施工周期约40天。,"因养护施工,南京支线[S87],双向,0K处,目前阻断,采取中断双向交通的措施,请选择其它线路绕行。开始时间2016年03月26日,预计恢复时间2016年12月31日 23时。",云台山河桥路基抬高工程，7月14日至9月30日，封闭南京往机场方向的半幅施工路面，南京往机场方向车辆途经K15+000—K16+190路段时，借对面两条车道通行，机场往南京方向车辆在该路段压缩成双向4车道通行。,"因养护施工,宿迁支线[S96],下行[宿迁张庄方向],5.6K至7.3K,目前行驶缓慢,采取借道行驶的措施,请谨慎驾驶。开始时间2016年05月08日,预计恢复时间2016年11月20日 18时。","因养护施工,郭板淮线[X208320923],双向,0K至1.285K,目前阻断,采取中断双向交通的措施,请选择其它线路绕行。开始时间2016年06月15日,预计恢复时间2016年11月10日 10时。","因养护施工,镇澄鹿线[X302320281],双向,33.3K至34.9K,目前阻断,采取中断双向交通的措施,请选择其它线路绕行。开始时间2014年09月18日,预计恢复时间2016年12月31日 12时。","因养护施工,东板线[X304320923],双向,36.52K至41.2K,目前阻断,采取中断双向交通的措施,请选择其它线路绕行。开始时间2016年06月15日,预计恢复时间2016年11月10日 09时。"
is_sure,1,1,1,1,1,1,1,1,1,1,1,1,1,1,1,1,1,1,1,1,1,1,1,1,1,1,1,1,1,1,1,1,1,1,1,1,1,1,1,1,1,1,1,1,1,1,1,1,1,1,1,1,1,1,1,1,1,1,1,1,1,1,1,1,1,1,1,1,1,1,1,1,1,1,1,1,1,1,1,1,1,1,1,1,1,1,1,1,1,1,1,1,1,1,1,1,1,1,1,1,1,1,1,1,1,1,1,1,1,1,1,1,1,1,1,1,1,1,1,1,1,1,1,1,1,1,1,1,1,1,1,1,1,1,1,1,1,1,1,1,1,1,1,1,1,1,1,1,1,1,1,1,1,1,1,1,1,1,1,1,1,1,1,1,1,1,1,1,1,1,1,1,1,1,1,1,1,1,1,1,1,1,1,1,1,1,1,1,1,1,1,1,1,1,1,1,1,1,1,1,1,1,1,1,1,1,1,1,1,1,1,1,1,1,1,1,1,1,1,1,1,1,1,1,1,1,1,1
speed,,,,,,,,,,,,,,,,,,,,,,,,,,,,,,,,,,,,,,,,,,,,,,,,,,,,,,,,,,,,,,,,,,,,,,,,,,,,,,,,,,,,,,,,,,,,,,,,,,,,,,,,,,,,,,,,,,,,,,,,,,,,,,,,,,,,,,,,,,,,,,,,,,,,,,,,,,,,,,,,,,,,,,,,,,,,,,,,,,,,,,,,,,,,,,,,,,,,,,,,,,,,,,,,,,,,,,,,,,,,,,,,,,,,
available,,,,,,,,,,,,,,,,,,,,,,,,,,,,,,,,,,,,,,,,,,,,,,,,,,,,,,,,,,,,,,,,,,,,,,,,,,,,,,,,,,,,,,,,,,,,,,,,,,,,,,,,,,,,,,,,,,,,,,,,,,,,,,,,,,,,,,,,,,,,,,,,,,,,,,,,,,,,,,,,,,,,,,,,,,,,,,,,,,,,,,,,,,,,,,,,,,,,,,,,,,,,,,,,,,,,,,,,,,,,,,,,,,,,
occupy,,,,,,,,,,,,,,,,,,,,,,,,,,,,,,,,,,,,,,,,,,,,,,,,,,,,,,,,,,,,,,,,,,,,,,,,,,,,,,,,,,,,,,,,,,,,,,,,,,,,,,,,,,,,,,,,,,,,,,,,,,,,,,,,,,,,,,,,,,,,,,,,,,,,,,,,,,,,,,,,,,,,,,,,,,,,,,,,,,,,,,,,,,,,,,,,,,,,,,,,,,,,,,,,,,,,,,,,,,,,,,,,,,,,
weather,-1,-1,-1,-1,-1,-1,-1,-1,-1,-1,-1,-1,-1,-1,-1,-1,-1,-1,-1,-1,-1,-1,-1,-1,-1,-1,-1,-1,-1,-1,-1,-1,-1,-1,-1,-1,-1,-1,-1,-1,-1,-1,-1,-1,-1,-1,-1,-1,-1,-1,-1,-1,-1,-1,-1,-1,-1,-1,-1,-1,-1,-1,-1,-1,-1,-1,-1,-1,-1,-1,-1,-1,-1,-1,-1,-1,-1,-1,-1,-1,-1,-1,-1,-1,-1,-1,-1,-1,-1,-1,-1,-1,-1,-1,-1,-1,-1,-1,-1,-1,-1,-1,-1,-1,-1,-1,-1,-1,-1,-1,-1,-1,-1,-1,-1,-1,-1,-1,-1,-1,-1,-1,-1,-1,-1,-1,-1,-1,-1,-1,-1,-1,-1,-1,-1,-1,-1,-1,-1,-1,-1,-1,-1,-1,-1,-1,-1,-1,-1,-1,-1,-1,-1,-1,-1,-1,-1,-1,-1,-1,-1,-1,-1,-1,-1,-1,-1,-1,-1,-1,-1,-1,-1,-1,-1,-1,-1,-1,-1,-1,-1,-1,-1,-1,-1,-1,-1,-1,-1,-1,-1,-1,-1,-1,-1,-1,-1,-1,-1,-1,-1,-1,-1,-1,-1,-1,-1,-1,-1,-1,-1,-1,-1,-1,-1,-1,-1,-1,-1,-1,-1,-1,-1,-1,-1,-1,-1,-1
city,,,,,,,,,,,,,,,,,,,,,,,,,,,,,,,,,,,,,,,,,,,,,,,,,,,,,,,,,,,,,,,,,,,,,,,,,,,,,,,,,,,,,,,,,,,,,,,,,,,,,,,,,,,,,,,,,,,,,,,,,,,,,,,,,,,,,,,,,,,,,,,,,,,,,,,,,,,,,,,,,,,,,,,,,,,,,,,,,,,,,,,,,,,,,,,,,,,,,,,,,,,,,,,,,,,,,,,,,,,,,,,,,,,,
link_info,,,,,,,,,,,,,,,,,,,,,,,,,,,,,,,,,,,,,,,,,,,,,,,,,,,,,,,,,,,,,,,,,,,,,,,,,,,,,,,,,,,,,,,,,,,,,,,,,,,,,,,,,,,,,,,,,,,,,,,,,,,,,,,,,,,,,,,,,,,,,,,,,,,,,,,,,,,,,,,,,,,,,,,,,,,,,,,,,,,,,,,,,,,,,,,,,,,,,,,,,,,,,,,,,,,,,,,,,,,,,,,,,,,,
eventid,,,,,,,,,,,,,,,,,,,,,,,,,,,,,,,,,,,,,,,,,,,,,,,,,,,,,,,,,,,,,,,,,,,,,,,,,,,,,,,,,,,,,,,,,,,,,,,,,,,,,,,,,,,,,,,,,,,,,,,,,,,,,,,,,,,,,,,,,,,,,,,,,,,,,,,,,,,,,,,,,,,,,,,,,,,,,,,,,,,,,,,,,,,,,,,,,,,,,,,,,,,,,,,,,,,,,,,,,,,,,,,,,,,,
deleted,,,,,,,,,,,,,,,,,,,,,,,,,,,,,,,,,,,,,,,,,,,,,,,,,,,,,,,,,,,,,,,,,,,,,,,,,,,,,,,,,,,,,,,,,,,,,,,,,,,,,,,,,,,,,,,,,,,,,,,,,,,,,,,,,,,,,,,,,,,,,,,,,,,,,,,,,,,,,,,,,,,,,,,,,,,,,,,,,,,,,,,,,,,,,,,,,,,,,,,,,,,,,,,,,,,,,,,,,,,,,,,,,,,,
Unnamed: 3,,,,,,,,,,,,,,,,,,,,,,,,,,,,,,,,,,,,,,,,,,,,,,,,,,,,,,,,,,,,,,,,,,,,,,,,,,,,,,,,,,,,,,,,,,,,,,,,,,,,,,,,,,,,,,,,,,,,,,,,,,,,,,,,,,,,,,,,,,,,,,,,,,,,,,,,,,,,,,,,,,,,,,,,,,,,,,,,,,,,,,,,,,,,,,,,,,,,,,,,,,,,,,,,,,,,,,,,,,,,,,,,,,,,
